<annotation>
	<folder>my-project-name</folder>
	<filename>10_0_0_20170110224500062.jpg</filename>
	<path>/my-project-name/10_0_0_20170110224500062.jpg</path>
	<source>
		<database>Unspecified</database>
	</source>
	<size>
		<width>379</width>
		<height>285</height>
		<depth>3</depth>
	</size>
	<object>
		<name>face</name>
		<pose>Unspecified</pose>
		<truncated>Unspecified</truncated>
		<difficult>Unspecified</difficult>
		<bndbox>
			<xmin>119</xmin>
			<ymin>116</ymin>
			<xmax>226</xmax>
			<ymax>238</ymax>
		</bndbox>
	</object>
</annotation>