<annotation>
	<folder>my-project-name</folder>
	<filename>10_0_2_20161219190639572.jpg</filename>
	<path>/my-project-name/10_0_2_20161219190639572.jpg</path>
	<source>
		<database>Unspecified</database>
	</source>
	<size>
		<width>191</width>
		<height>300</height>
		<depth>3</depth>
	</size>
	<object>
		<name>face</name>
		<pose>Unspecified</pose>
		<truncated>Unspecified</truncated>
		<difficult>Unspecified</difficult>
		<bndbox>
			<xmin>67</xmin>
			<ymin>81</ymin>
			<xmax>122</xmax>
			<ymax>136</ymax>
		</bndbox>
	</object>
</annotation>