<annotation>
	<folder>my-project-name</folder>
	<filename>10_0_1_20170110225121326.jpg</filename>
	<path>/my-project-name/10_0_1_20170110225121326.jpg</path>
	<source>
		<database>Unspecified</database>
	</source>
	<size>
		<width>1300</width>
		<height>1065</height>
		<depth>3</depth>
	</size>
	<object>
		<name>face</name>
		<pose>Unspecified</pose>
		<truncated>Unspecified</truncated>
		<difficult>Unspecified</difficult>
		<bndbox>
			<xmin>440</xmin>
			<ymin>305</ymin>
			<xmax>875</xmax>
			<ymax>730</ymax>
		</bndbox>
	</object>
</annotation>