<annotation>
	<folder>my-project-name</folder>
	<filename>10_0_3_20170105175322885.jpg</filename>
	<path>/my-project-name/10_0_3_20170105175322885.jpg</path>
	<source>
		<database>Unspecified</database>
	</source>
	<size>
		<width>476</width>
		<height>341</height>
		<depth>3</depth>
	</size>
	<object>
		<name>face</name>
		<pose>Unspecified</pose>
		<truncated>Unspecified</truncated>
		<difficult>Unspecified</difficult>
		<bndbox>
			<xmin>121</xmin>
			<ymin>139</ymin>
			<xmax>291</xmax>
			<ymax>321</ymax>
		</bndbox>
	</object>
</annotation>