<annotation>
	<folder>my-project-name</folder>
	<filename>10_1_3_20170104221711437.jpg</filename>
	<path>/my-project-name/10_1_3_20170104221711437.jpg</path>
	<source>
		<database>Unspecified</database>
	</source>
	<size>
		<width>368</width>
		<height>553</height>
		<depth>3</depth>
	</size>
	<object>
		<name>face</name>
		<pose>Unspecified</pose>
		<truncated>Unspecified</truncated>
		<difficult>Unspecified</difficult>
		<bndbox>
			<xmin>137</xmin>
			<ymin>102</ymin>
			<xmax>322</xmax>
			<ymax>305</ymax>
		</bndbox>
	</object>
</annotation>