<annotation>
	<folder>my-project-name</folder>
	<filename>10_1_0_20170109203512075.jpg</filename>
	<path>/my-project-name/10_1_0_20170109203512075.jpg</path>
	<source>
		<database>Unspecified</database>
	</source>
	<size>
		<width>233</width>
		<height>382</height>
		<depth>3</depth>
	</size>
	<object>
		<name>face</name>
		<pose>Unspecified</pose>
		<truncated>Unspecified</truncated>
		<difficult>Unspecified</difficult>
		<bndbox>
			<xmin>79</xmin>
			<ymin>33</ymin>
			<xmax>144</xmax>
			<ymax>103</ymax>
		</bndbox>
	</object>
</annotation>