<annotation>
	<folder>my-project-name</folder>
	<filename>10_1_0_20170109203917216.jpg</filename>
	<path>/my-project-name/10_1_0_20170109203917216.jpg</path>
	<source>
		<database>Unspecified</database>
	</source>
	<size>
		<width>2448</width>
		<height>3264</height>
		<depth>3</depth>
	</size>
	<object>
		<name>face</name>
		<pose>Unspecified</pose>
		<truncated>Unspecified</truncated>
		<difficult>Unspecified</difficult>
		<bndbox>
			<xmin>1491</xmin>
			<ymin>593</ymin>
			<xmax>1867</xmax>
			<ymax>1114</ymax>
		</bndbox>
	</object>
</annotation>