<annotation>
	<folder>my-project-name</folder>
	<filename>10_1_0_20170109204255055.jpg</filename>
	<path>/my-project-name/10_1_0_20170109204255055.jpg</path>
	<source>
		<database>Unspecified</database>
	</source>
	<size>
		<width>1010</width>
		<height>1600</height>
		<depth>3</depth>
	</size>
	<object>
		<name>face</name>
		<pose>Unspecified</pose>
		<truncated>Unspecified</truncated>
		<difficult>Unspecified</difficult>
		<bndbox>
			<xmin>128</xmin>
			<ymin>314</ymin>
			<xmax>465</xmax>
			<ymax>776</ymax>
		</bndbox>
	</object>
</annotation>