<annotation>
	<folder>my-project-name</folder>
	<filename>10_1_0_20170109203924076.jpg</filename>
	<path>/my-project-name/10_1_0_20170109203924076.jpg</path>
	<source>
		<database>Unspecified</database>
	</source>
	<size>
		<width>319</width>
		<height>500</height>
		<depth>3</depth>
	</size>
	<object>
		<name>face</name>
		<pose>Unspecified</pose>
		<truncated>Unspecified</truncated>
		<difficult>Unspecified</difficult>
		<bndbox>
			<xmin>134</xmin>
			<ymin>65</ymin>
			<xmax>200</xmax>
			<ymax>132</ymax>
		</bndbox>
	</object>
</annotation>