<annotation>
	<folder>my-project-name</folder>
	<filename>10_1_0_20170110220649364.jpg</filename>
	<path>/my-project-name/10_1_0_20170110220649364.jpg</path>
	<source>
		<database>Unspecified</database>
	</source>
	<size>
		<width>325</width>
		<height>428</height>
		<depth>3</depth>
	</size>
	<object>
		<name>face</name>
		<pose>Unspecified</pose>
		<truncated>Unspecified</truncated>
		<difficult>Unspecified</difficult>
		<bndbox>
			<xmin>69</xmin>
			<ymin>159</ymin>
			<xmax>257</xmax>
			<ymax>324</ymax>
		</bndbox>
	</object>
</annotation>