<annotation>
	<folder>my-project-name</folder>
	<filename>10_1_4_20170103200950879.jpg</filename>
	<path>/my-project-name/10_1_4_20170103200950879.jpg</path>
	<source>
		<database>Unspecified</database>
	</source>
	<size>
		<width>602</width>
		<height>751</height>
		<depth>3</depth>
	</size>
	<object>
		<name>face</name>
		<pose>Unspecified</pose>
		<truncated>Unspecified</truncated>
		<difficult>Unspecified</difficult>
		<bndbox>
			<xmin>79</xmin>
			<ymin>223</ymin>
			<xmax>473</xmax>
			<ymax>631</ymax>
		</bndbox>
	</object>
</annotation>