<annotation>
	<folder>my-project-name</folder>
	<filename>10_1_3_20170109205323078.jpg</filename>
	<path>/my-project-name/10_1_3_20170109205323078.jpg</path>
	<source>
		<database>Unspecified</database>
	</source>
	<size>
		<width>269</width>
		<height>630</height>
		<depth>3</depth>
	</size>
	<object>
		<name>face</name>
		<pose>Unspecified</pose>
		<truncated>Unspecified</truncated>
		<difficult>Unspecified</difficult>
		<bndbox>
			<xmin>91</xmin>
			<ymin>108</ymin>
			<xmax>156</xmax>
			<ymax>182</ymax>
		</bndbox>
	</object>
</annotation>