<annotation>
	<folder>my-project-name</folder>
	<filename>10_1_1_20170109204636561.jpg</filename>
	<path>/my-project-name/10_1_1_20170109204636561.jpg</path>
	<source>
		<database>Unspecified</database>
	</source>
	<size>
		<width>387</width>
		<height>407</height>
		<depth>3</depth>
	</size>
	<object>
		<name>face</name>
		<pose>Unspecified</pose>
		<truncated>Unspecified</truncated>
		<difficult>Unspecified</difficult>
		<bndbox>
			<xmin>75</xmin>
			<ymin>62</ymin>
			<xmax>205</xmax>
			<ymax>200</ymax>
		</bndbox>
	</object>
</annotation>