<annotation>
	<folder>my-project-name</folder>
	<filename>10_1_0_20170109203642966.jpg</filename>
	<path>/my-project-name/10_1_0_20170109203642966.jpg</path>
	<source>
		<database>Unspecified</database>
	</source>
	<size>
		<width>480</width>
		<height>720</height>
		<depth>3</depth>
	</size>
	<object>
		<name>face</name>
		<pose>Unspecified</pose>
		<truncated>Unspecified</truncated>
		<difficult>Unspecified</difficult>
		<bndbox>
			<xmin>126</xmin>
			<ymin>223</ymin>
			<xmax>347</xmax>
			<ymax>452</ymax>
		</bndbox>
	</object>
</annotation>