<annotation>
	<folder>my-project-name</folder>
	<filename>10_1_4_20161223225900460.jpg</filename>
	<path>/my-project-name/10_1_4_20161223225900460.jpg</path>
	<source>
		<database>Unspecified</database>
	</source>
	<size>
		<width>202</width>
		<height>201</height>
		<depth>3</depth>
	</size>
	<object>
		<name>face</name>
		<pose>Unspecified</pose>
		<truncated>Unspecified</truncated>
		<difficult>Unspecified</difficult>
		<bndbox>
			<xmin>70</xmin>
			<ymin>38</ymin>
			<xmax>132</xmax>
			<ymax>101</ymax>
		</bndbox>
	</object>
</annotation>