<annotation>
	<folder>my-project-name</folder>
	<filename>10_1_4_20161223225854867.jpg</filename>
	<path>/my-project-name/10_1_4_20161223225854867.jpg</path>
	<source>
		<database>Unspecified</database>
	</source>
	<size>
		<width>272</width>
		<height>363</height>
		<depth>3</depth>
	</size>
	<object>
		<name>face</name>
		<pose>Unspecified</pose>
		<truncated>Unspecified</truncated>
		<difficult>Unspecified</difficult>
		<bndbox>
			<xmin>72</xmin>
			<ymin>51</ymin>
			<xmax>221</xmax>
			<ymax>206</ymax>
		</bndbox>
	</object>
</annotation>