<annotation>
	<folder>my-project-name</folder>
	<filename>10_1_3_20170109203848078.jpg</filename>
	<path>/my-project-name/10_1_3_20170109203848078.jpg</path>
	<source>
		<database>Unspecified</database>
	</source>
	<size>
		<width>600</width>
		<height>600</height>
		<depth>3</depth>
	</size>
	<object>
		<name>face</name>
		<pose>Unspecified</pose>
		<truncated>Unspecified</truncated>
		<difficult>Unspecified</difficult>
		<bndbox>
			<xmin>224</xmin>
			<ymin>25</ymin>
			<xmax>322</xmax>
			<ymax>108</ymax>
		</bndbox>
	</object>
</annotation>