<annotation>
	<folder>my-project-name</folder>
	<filename>10_1_0_20170109203653735.jpg</filename>
	<path>/my-project-name/10_1_0_20170109203653735.jpg</path>
	<source>
		<database>Unspecified</database>
	</source>
	<size>
		<width>387</width>
		<height>518</height>
		<depth>3</depth>
	</size>
	<object>
		<name>face</name>
		<pose>Unspecified</pose>
		<truncated>Unspecified</truncated>
		<difficult>Unspecified</difficult>
		<bndbox>
			<xmin>130</xmin>
			<ymin>108</ymin>
			<xmax>277</xmax>
			<ymax>271</ymax>
		</bndbox>
	</object>
</annotation>