<annotation>
	<folder>my-project-name</folder>
	<filename>10_1_2_20170109205037024.jpg</filename>
	<path>/my-project-name/10_1_2_20170109205037024.jpg</path>
	<source>
		<database>Unspecified</database>
	</source>
	<size>
		<width>500</width>
		<height>756</height>
		<depth>3</depth>
	</size>
	<object>
		<name>face</name>
		<pose>Unspecified</pose>
		<truncated>Unspecified</truncated>
		<difficult>Unspecified</difficult>
		<bndbox>
			<xmin>153</xmin>
			<ymin>163</ymin>
			<xmax>283</xmax>
			<ymax>298</ymax>
		</bndbox>
	</object>
</annotation>