<annotation>
	<folder>my-project-name</folder>
	<filename>11_0_0_20170110224408700.jpg</filename>
	<path>/my-project-name/11_0_0_20170110224408700.jpg</path>
	<source>
		<database>Unspecified</database>
	</source>
	<size>
		<width>450</width>
		<height>358</height>
		<depth>3</depth>
	</size>
	<object>
		<name>face</name>
		<pose>Unspecified</pose>
		<truncated>Unspecified</truncated>
		<difficult>Unspecified</difficult>
		<bndbox>
			<xmin>147</xmin>
			<ymin>65</ymin>
			<xmax>280</xmax>
			<ymax>207</ymax>
		</bndbox>
	</object>
</annotation>