<annotation>
	<folder>my-project-name</folder>
	<filename>11_0_0_20170110224340941.jpg</filename>
	<path>/my-project-name/11_0_0_20170110224340941.jpg</path>
	<source>
		<database>Unspecified</database>
	</source>
	<size>
		<width>1300</width>
		<height>957</height>
		<depth>3</depth>
	</size>
	<object>
		<name>face</name>
		<pose>Unspecified</pose>
		<truncated>Unspecified</truncated>
		<difficult>Unspecified</difficult>
		<bndbox>
			<xmin>541</xmin>
			<ymin>153</ymin>
			<xmax>683</xmax>
			<ymax>320</ymax>
		</bndbox>
	</object>
</annotation>