<annotation>
	<folder>my-project-name</folder>
	<filename>11_0_0_20170110224606036.jpg</filename>
	<path>/my-project-name/11_0_0_20170110224606036.jpg</path>
	<source>
		<database>Unspecified</database>
	</source>
	<size>
		<width>600</width>
		<height>906</height>
		<depth>3</depth>
	</size>
	<object>
		<name>face</name>
		<pose>Unspecified</pose>
		<truncated>Unspecified</truncated>
		<difficult>Unspecified</difficult>
		<bndbox>
			<xmin>111</xmin>
			<ymin>304</ymin>
			<xmax>500</xmax>
			<ymax>681</ymax>
		</bndbox>
	</object>
</annotation>