<annotation>
	<folder>my-project-name</folder>
	<filename>11_0_0_20170110224505551.jpg</filename>
	<path>/my-project-name/11_0_0_20170110224505551.jpg</path>
	<source>
		<database>Unspecified</database>
	</source>
	<size>
		<width>1300</width>
		<height>957</height>
		<depth>3</depth>
	</size>
	<object>
		<name>face</name>
		<pose>Unspecified</pose>
		<truncated>Unspecified</truncated>
		<difficult>Unspecified</difficult>
		<bndbox>
			<xmin>895</xmin>
			<ymin>236</ymin>
			<xmax>988</xmax>
			<ymax>349</ymax>
		</bndbox>
	</object>
</annotation>