<annotation>
	<folder>my-project-name</folder>
	<filename>11_0_0_20170110220657089.jpg</filename>
	<path>/my-project-name/11_0_0_20170110220657089.jpg</path>
	<source>
		<database>Unspecified</database>
	</source>
	<size>
		<width>1682</width>
		<height>946</height>
		<depth>3</depth>
	</size>
	<object>
		<name>face</name>
		<pose>Unspecified</pose>
		<truncated>Unspecified</truncated>
		<difficult>Unspecified</difficult>
		<bndbox>
			<xmin>458</xmin>
			<ymin>74</ymin>
			<xmax>903</xmax>
			<ymax>656</ymax>
		</bndbox>
	</object>
</annotation>