<annotation>
	<folder>my-project-name</folder>
	<filename>11_0_0_20170110224233654.jpg</filename>
	<path>/my-project-name/11_0_0_20170110224233654.jpg</path>
	<source>
		<database>Unspecified</database>
	</source>
	<size>
		<width>450</width>
		<height>337</height>
		<depth>3</depth>
	</size>
	<object>
		<name>face</name>
		<pose>Unspecified</pose>
		<truncated>Unspecified</truncated>
		<difficult>Unspecified</difficult>
		<bndbox>
			<xmin>236</xmin>
			<ymin>88</ymin>
			<xmax>350</xmax>
			<ymax>201</ymax>
		</bndbox>
	</object>
</annotation>