<annotation>
	<folder>my-project-name</folder>
	<filename>11_1_0_20170109205247087.jpg</filename>
	<path>/my-project-name/11_1_0_20170109205247087.jpg</path>
	<source>
		<database>Unspecified</database>
	</source>
	<size>
		<width>1488</width>
		<height>1320</height>
		<depth>3</depth>
	</size>
	<object>
		<name>face</name>
		<pose>Unspecified</pose>
		<truncated>Unspecified</truncated>
		<difficult>Unspecified</difficult>
		<bndbox>
			<xmin>577</xmin>
			<ymin>540</ymin>
			<xmax>920</xmax>
			<ymax>833</ymax>
		</bndbox>
	</object>
</annotation>