<annotation>
	<folder>my-project-name</folder>
	<filename>11_1_0_20170109204927071.jpg</filename>
	<path>/my-project-name/11_1_0_20170109204927071.jpg</path>
	<source>
		<database>Unspecified</database>
	</source>
	<size>
		<width>600</width>
		<height>399</height>
		<depth>3</depth>
	</size>
	<object>
		<name>face</name>
		<pose>Unspecified</pose>
		<truncated>Unspecified</truncated>
		<difficult>Unspecified</difficult>
		<bndbox>
			<xmin>250</xmin>
			<ymin>39</ymin>
			<xmax>485</xmax>
			<ymax>290</ymax>
		</bndbox>
	</object>
</annotation>