<annotation>
	<folder>my-project-name</folder>
	<filename>11_1_1_20170109203712835.jpg</filename>
	<path>/my-project-name/11_1_1_20170109203712835.jpg</path>
	<source>
		<database>Unspecified</database>
	</source>
	<size>
		<width>870</width>
		<height>1390</height>
		<depth>3</depth>
	</size>
	<object>
		<name>face</name>
		<pose>Unspecified</pose>
		<truncated>Unspecified</truncated>
		<difficult>Unspecified</difficult>
		<bndbox>
			<xmin>403</xmin>
			<ymin>98</ymin>
			<xmax>563</xmax>
			<ymax>278</ymax>
		</bndbox>
	</object>
</annotation>