<annotation>
	<folder>my-project-name</folder>
	<filename>11_1_0_20170109205211093.jpg</filename>
	<path>/my-project-name/11_1_0_20170109205211093.jpg</path>
	<source>
		<database>Unspecified</database>
	</source>
	<size>
		<width>634</width>
		<height>531</height>
		<depth>3</depth>
	</size>
	<object>
		<name>face</name>
		<pose>Unspecified</pose>
		<truncated>Unspecified</truncated>
		<difficult>Unspecified</difficult>
		<bndbox>
			<xmin>205</xmin>
			<ymin>123</ymin>
			<xmax>400</xmax>
			<ymax>312</ymax>
		</bndbox>
	</object>
</annotation>