<annotation>
	<folder>my-project-name</folder>
	<filename>11_1_4_20170103233340363.jpg</filename>
	<path>/my-project-name/11_1_4_20170103233340363.jpg</path>
	<source>
		<database>Unspecified</database>
	</source>
	<size>
		<width>198</width>
		<height>329</height>
		<depth>3</depth>
	</size>
	<object>
		<name>face</name>
		<pose>Unspecified</pose>
		<truncated>Unspecified</truncated>
		<difficult>Unspecified</difficult>
		<bndbox>
			<xmin>47</xmin>
			<ymin>72</ymin>
			<xmax>154</xmax>
			<ymax>176</ymax>
		</bndbox>
	</object>
</annotation>