<annotation>
	<folder>my-project-name</folder>
	<filename>11_1_0_20170109205441860.jpg</filename>
	<path>/my-project-name/11_1_0_20170109205441860.jpg</path>
	<source>
		<database>Unspecified</database>
	</source>
	<size>
		<width>1300</width>
		<height>958</height>
		<depth>3</depth>
	</size>
	<object>
		<name>face</name>
		<pose>Unspecified</pose>
		<truncated>Unspecified</truncated>
		<difficult>Unspecified</difficult>
		<bndbox>
			<xmin>116</xmin>
			<ymin>141</ymin>
			<xmax>528</xmax>
			<ymax>520</ymax>
		</bndbox>
	</object>
</annotation>