<annotation>
	<folder>my-project-name</folder>
	<filename>11_1_0_20170109205125500.jpg</filename>
	<path>/my-project-name/11_1_0_20170109205125500.jpg</path>
	<source>
		<database>Unspecified</database>
	</source>
	<size>
		<width>736</width>
		<height>1104</height>
		<depth>3</depth>
	</size>
	<object>
		<name>face</name>
		<pose>Unspecified</pose>
		<truncated>Unspecified</truncated>
		<difficult>Unspecified</difficult>
		<bndbox>
			<xmin>135</xmin>
			<ymin>85</ymin>
			<xmax>572</xmax>
			<ymax>558</ymax>
		</bndbox>
	</object>
</annotation>