<annotation>
	<folder>my-project-name</folder>
	<filename>11_1_4_20170104005813063.jpg</filename>
	<path>/my-project-name/11_1_4_20170104005813063.jpg</path>
	<source>
		<database>Unspecified</database>
	</source>
	<size>
		<width>444</width>
		<height>329</height>
		<depth>3</depth>
	</size>
	<object>
		<name>face</name>
		<pose>Unspecified</pose>
		<truncated>Unspecified</truncated>
		<difficult>Unspecified</difficult>
		<bndbox>
			<xmin>110</xmin>
			<ymin>90</ymin>
			<xmax>300</xmax>
			<ymax>275</ymax>
		</bndbox>
	</object>
</annotation>