<annotation>
	<folder>my-project-name</folder>
	<filename>11_1_0_20170109205438571.jpg</filename>
	<path>/my-project-name/11_1_0_20170109205438571.jpg</path>
	<source>
		<database>Unspecified</database>
	</source>
	<size>
		<width>360</width>
		<height>485</height>
		<depth>3</depth>
	</size>
	<object>
		<name>face</name>
		<pose>Unspecified</pose>
		<truncated>Unspecified</truncated>
		<difficult>Unspecified</difficult>
		<bndbox>
			<xmin>118</xmin>
			<ymin>42</ymin>
			<xmax>185</xmax>
			<ymax>103</ymax>
		</bndbox>
	</object>
</annotation>