<annotation>
	<folder>my-project-name</folder>
	<filename>11_1_0_20170109204833458.jpg</filename>
	<path>/my-project-name/11_1_0_20170109204833458.jpg</path>
	<source>
		<database>Unspecified</database>
	</source>
	<size>
		<width>1300</width>
		<height>955</height>
		<depth>3</depth>
	</size>
	<object>
		<name>face</name>
		<pose>Unspecified</pose>
		<truncated>Unspecified</truncated>
		<difficult>Unspecified</difficult>
		<bndbox>
			<xmin>339</xmin>
			<ymin>231</ymin>
			<xmax>641</xmax>
			<ymax>555</ymax>
		</bndbox>
	</object>
</annotation>