<annotation>
	<folder>my-project-name</folder>
	<filename>11_1_0_20170109205214234.jpg</filename>
	<path>/my-project-name/11_1_0_20170109205214234.jpg</path>
	<source>
		<database>Unspecified</database>
	</source>
	<size>
		<width>923</width>
		<height>1300</height>
		<depth>3</depth>
	</size>
	<object>
		<name>face</name>
		<pose>Unspecified</pose>
		<truncated>Unspecified</truncated>
		<difficult>Unspecified</difficult>
		<bndbox>
			<xmin>253</xmin>
			<ymin>215</ymin>
			<xmax>655</xmax>
			<ymax>604</ymax>
		</bndbox>
	</object>
</annotation>