<annotation>
	<folder>my-project-name</folder>
	<filename>11_1_3_20170104222911112.jpg</filename>
	<path>/my-project-name/11_1_3_20170104222911112.jpg</path>
	<source>
		<database>Unspecified</database>
	</source>
	<size>
		<width>454</width>
		<height>447</height>
		<depth>3</depth>
	</size>
	<object>
		<name>face</name>
		<pose>Unspecified</pose>
		<truncated>Unspecified</truncated>
		<difficult>Unspecified</difficult>
		<bndbox>
			<xmin>191</xmin>
			<ymin>53</ymin>
			<xmax>298</xmax>
			<ymax>164</ymax>
		</bndbox>
	</object>
</annotation>