<annotation>
	<folder>my-project-name</folder>
	<filename>11_1_0_20170109205013531.jpg</filename>
	<path>/my-project-name/11_1_0_20170109205013531.jpg</path>
	<source>
		<database>Unspecified</database>
	</source>
	<size>
		<width>1067</width>
		<height>1600</height>
		<depth>3</depth>
	</size>
	<object>
		<name>face</name>
		<pose>Unspecified</pose>
		<truncated>Unspecified</truncated>
		<difficult>Unspecified</difficult>
		<bndbox>
			<xmin>409</xmin>
			<ymin>197</ymin>
			<xmax>697</xmax>
			<ymax>553</ymax>
		</bndbox>
	</object>
</annotation>