<annotation>
	<folder>my-project-name</folder>
	<filename>11_1_4_20161223225953124.jpg</filename>
	<path>/my-project-name/11_1_4_20161223225953124.jpg</path>
	<source>
		<database>Unspecified</database>
	</source>
	<size>
		<width>284</width>
		<height>375</height>
		<depth>3</depth>
	</size>
	<object>
		<name>face</name>
		<pose>Unspecified</pose>
		<truncated>Unspecified</truncated>
		<difficult>Unspecified</difficult>
		<bndbox>
			<xmin>99</xmin>
			<ymin>104</ymin>
			<xmax>207</xmax>
			<ymax>230</ymax>
		</bndbox>
	</object>
</annotation>