<annotation>
	<folder>my-project-name</folder>
	<filename>11_1_0_20170109205136852.jpg</filename>
	<path>/my-project-name/11_1_0_20170109205136852.jpg</path>
	<source>
		<database>Unspecified</database>
	</source>
	<size>
		<width>450</width>
		<height>470</height>
		<depth>3</depth>
	</size>
	<object>
		<name>face</name>
		<pose>Unspecified</pose>
		<truncated>Unspecified</truncated>
		<difficult>Unspecified</difficult>
		<bndbox>
			<xmin>114</xmin>
			<ymin>160</ymin>
			<xmax>295</xmax>
			<ymax>314</ymax>
		</bndbox>
	</object>
</annotation>