<annotation>
	<folder>my-project-name</folder>
	<filename>11_1_4_20170103212554964.jpg</filename>
	<path>/my-project-name/11_1_4_20170103212554964.jpg</path>
	<source>
		<database>Unspecified</database>
	</source>
	<size>
		<width>320</width>
		<height>329</height>
		<depth>3</depth>
	</size>
	<object>
		<name>face</name>
		<pose>Unspecified</pose>
		<truncated>Unspecified</truncated>
		<difficult>Unspecified</difficult>
		<bndbox>
			<xmin>47</xmin>
			<ymin>101</ymin>
			<xmax>201</xmax>
			<ymax>271</ymax>
		</bndbox>
	</object>
</annotation>