<annotation>
	<folder>my-project-name</folder>
	<filename>11_1_0_20170110224810583.jpg</filename>
	<path>/my-project-name/11_1_0_20170110224810583.jpg</path>
	<source>
		<database>Unspecified</database>
	</source>
	<size>
		<width>960</width>
		<height>960</height>
		<depth>3</depth>
	</size>
	<object>
		<name>face</name>
		<pose>Unspecified</pose>
		<truncated>Unspecified</truncated>
		<difficult>Unspecified</difficult>
		<bndbox>
			<xmin>452</xmin>
			<ymin>270</ymin>
			<xmax>747</xmax>
			<ymax>592</ymax>
		</bndbox>
	</object>
</annotation>