<annotation>
	<folder>my-project-name</folder>
	<filename>11_1_0_20170109205122664.jpg</filename>
	<path>/my-project-name/11_1_0_20170109205122664.jpg</path>
	<source>
		<database>Unspecified</database>
	</source>
	<size>
		<width>720</width>
		<height>460</height>
		<depth>3</depth>
	</size>
	<object>
		<name>face</name>
		<pose>Unspecified</pose>
		<truncated>Unspecified</truncated>
		<difficult>Unspecified</difficult>
		<bndbox>
			<xmin>335</xmin>
			<ymin>62</ymin>
			<xmax>611</xmax>
			<ymax>376</ymax>
		</bndbox>
	</object>
</annotation>