<annotation>
	<folder>my-project-name</folder>
	<filename>11_1_2_20170104005111615.jpg</filename>
	<path>/my-project-name/11_1_2_20170104005111615.jpg</path>
	<source>
		<database>Unspecified</database>
	</source>
	<size>
		<width>222</width>
		<height>329</height>
		<depth>3</depth>
	</size>
	<object>
		<name>face</name>
		<pose>Unspecified</pose>
		<truncated>Unspecified</truncated>
		<difficult>Unspecified</difficult>
		<bndbox>
			<xmin>28</xmin>
			<ymin>43</ymin>
			<xmax>145</xmax>
			<ymax>136</ymax>
		</bndbox>
	</object>
</annotation>