<annotation>
	<folder>my-project-name</folder>
	<filename>11_1_4_20170109201611941.jpg</filename>
	<path>/my-project-name/11_1_4_20170109201611941.jpg</path>
	<source>
		<database>Unspecified</database>
	</source>
	<size>
		<width>249</width>
		<height>355</height>
		<depth>3</depth>
	</size>
	<object>
		<name>face</name>
		<pose>Unspecified</pose>
		<truncated>Unspecified</truncated>
		<difficult>Unspecified</difficult>
		<bndbox>
			<xmin>43</xmin>
			<ymin>78</ymin>
			<xmax>114</xmax>
			<ymax>136</ymax>
		</bndbox>
	</object>
</annotation>