<annotation>
	<folder>my-project-name</folder>
	<filename>11_1_3_20170104223632543.jpg</filename>
	<path>/my-project-name/11_1_3_20170104223632543.jpg</path>
	<source>
		<database>Unspecified</database>
	</source>
	<size>
		<width>498</width>
		<height>407</height>
		<depth>3</depth>
	</size>
	<object>
		<name>face</name>
		<pose>Unspecified</pose>
		<truncated>Unspecified</truncated>
		<difficult>Unspecified</difficult>
		<bndbox>
			<xmin>194</xmin>
			<ymin>45</ymin>
			<xmax>305</xmax>
			<ymax>191</ymax>
		</bndbox>
	</object>
</annotation>