<annotation>
	<folder>my-project-name</folder>
	<filename>12_0_0_20170109213205384.jpg</filename>
	<path>/my-project-name/12_0_0_20170109213205384.jpg</path>
	<source>
		<database>Unspecified</database>
	</source>
	<size>
		<width>588</width>
		<height>690</height>
		<depth>3</depth>
	</size>
	<object>
		<name>face</name>
		<pose>Unspecified</pose>
		<truncated>Unspecified</truncated>
		<difficult>Unspecified</difficult>
		<bndbox>
			<xmin>309</xmin>
			<ymin>171</ymin>
			<xmax>576</xmax>
			<ymax>452</ymax>
		</bndbox>
	</object>
</annotation>