<annotation>
	<folder>my-project-name</folder>
	<filename>12_0_0_20170103200900511.jpg</filename>
	<path>/my-project-name/12_0_0_20170103200900511.jpg</path>
	<source>
		<database>Unspecified</database>
	</source>
	<size>
		<width>602</width>
		<height>751</height>
		<depth>3</depth>
	</size>
	<object>
		<name>face</name>
		<pose>Unspecified</pose>
		<truncated>Unspecified</truncated>
		<difficult>Unspecified</difficult>
		<bndbox>
			<xmin>86</xmin>
			<ymin>208</ymin>
			<xmax>548</xmax>
			<ymax>601</ymax>
		</bndbox>
	</object>
</annotation>