<annotation>
	<folder>my-project-name</folder>
	<filename>12_0_0_20170104013257914.jpg</filename>
	<path>/my-project-name/12_0_0_20170104013257914.jpg</path>
	<source>
		<database>Unspecified</database>
	</source>
	<size>
		<width>252</width>
		<height>251</height>
		<depth>3</depth>
	</size>
	<object>
		<name>face</name>
		<pose>Unspecified</pose>
		<truncated>Unspecified</truncated>
		<difficult>Unspecified</difficult>
		<bndbox>
			<xmin>71</xmin>
			<ymin>56</ymin>
			<xmax>181</xmax>
			<ymax>177</ymax>
		</bndbox>
	</object>
</annotation>