<annotation>
	<folder>my-project-name</folder>
	<filename>1_0_3_20161219230715892.jpg</filename>
	<path>/my-project-name/1_0_3_20161219230715892.jpg</path>
	<source>
		<database>Unspecified</database>
	</source>
	<size>
		<width>229</width>
		<height>171</height>
		<depth>3</depth>
	</size>
	<object>
		<name>face</name>
		<pose>Unspecified</pose>
		<truncated>Unspecified</truncated>
		<difficult>Unspecified</difficult>
		<bndbox>
			<xmin>71</xmin>
			<ymin>39</ymin>
			<xmax>144</xmax>
			<ymax>123</ymax>
		</bndbox>
	</object>
</annotation>