<annotation>
	<folder>my-project-name</folder>
	<filename>1_0_3_20161219230234208.jpg</filename>
	<path>/my-project-name/1_0_3_20161219230234208.jpg</path>
	<source>
		<database>Unspecified</database>
	</source>
	<size>
		<width>169</width>
		<height>176</height>
		<depth>3</depth>
	</size>
	<object>
		<name>face</name>
		<pose>Unspecified</pose>
		<truncated>Unspecified</truncated>
		<difficult>Unspecified</difficult>
		<bndbox>
			<xmin>55</xmin>
			<ymin>36</ymin>
			<xmax>107</xmax>
			<ymax>88</ymax>
		</bndbox>
	</object>
</annotation>