<annotation>
	<folder>my-project-name</folder>
	<filename>1_0_3_20161220144429119.jpg</filename>
	<path>/my-project-name/1_0_3_20161220144429119.jpg</path>
	<source>
		<database>Unspecified</database>
	</source>
	<size>
		<width>240</width>
		<height>160</height>
		<depth>3</depth>
	</size>
	<object>
		<name>face</name>
		<pose>Unspecified</pose>
		<truncated>Unspecified</truncated>
		<difficult>Unspecified</difficult>
		<bndbox>
			<xmin>99</xmin>
			<ymin>49</ymin>
			<xmax>150</xmax>
			<ymax>114</ymax>
		</bndbox>
	</object>
</annotation>