<annotation>
	<folder>my-project-name</folder>
	<filename>1_0_0_20170109193945281.jpg</filename>
	<path>/my-project-name/1_0_0_20170109193945281.jpg</path>
	<source>
		<database>Unspecified</database>
	</source>
	<size>
		<width>634</width>
		<height>376</height>
		<depth>3</depth>
	</size>
	<object>
		<name>face</name>
		<pose>Unspecified</pose>
		<truncated>Unspecified</truncated>
		<difficult>Unspecified</difficult>
		<bndbox>
			<xmin>37</xmin>
			<ymin>74</ymin>
			<xmax>206</xmax>
			<ymax>238</ymax>
		</bndbox>
	</object>
</annotation>