<annotation>
	<folder>my-project-name</folder>
	<filename>1_0_0_20170109194225586.jpg</filename>
	<path>/my-project-name/1_0_0_20170109194225586.jpg</path>
	<source>
		<database>Unspecified</database>
	</source>
	<size>
		<width>1024</width>
		<height>768</height>
		<depth>3</depth>
	</size>
	<object>
		<name>face</name>
		<pose>Unspecified</pose>
		<truncated>Unspecified</truncated>
		<difficult>Unspecified</difficult>
		<bndbox>
			<xmin>201</xmin>
			<ymin>337</ymin>
			<xmax>387</xmax>
			<ymax>515</ymax>
		</bndbox>
	</object>
</annotation>