<annotation>
	<folder>my-project-name</folder>
	<filename>1_0_0_20170109194120301.jpg</filename>
	<path>/my-project-name/1_0_0_20170109194120301.jpg</path>
	<source>
		<database>Unspecified</database>
	</source>
	<size>
		<width>1920</width>
		<height>1200</height>
		<depth>3</depth>
	</size>
	<object>
		<name>face</name>
		<pose>Unspecified</pose>
		<truncated>Unspecified</truncated>
		<difficult>Unspecified</difficult>
		<bndbox>
			<xmin>795</xmin>
			<ymin>242</ymin>
			<xmax>1575</xmax>
			<ymax>987</ymax>
		</bndbox>
	</object>
</annotation>