<annotation>
	<folder>my-project-name</folder>
	<filename>1_0_0_20170110205418587.jpg</filename>
	<path>/my-project-name/1_0_0_20170110205418587.jpg</path>
	<source>
		<database>Unspecified</database>
	</source>
	<size>
		<width>960</width>
		<height>640</height>
		<depth>3</depth>
	</size>
	<object>
		<name>face</name>
		<pose>Unspecified</pose>
		<truncated>Unspecified</truncated>
		<difficult>Unspecified</difficult>
		<bndbox>
			<xmin>470</xmin>
			<ymin>138</ymin>
			<xmax>624</xmax>
			<ymax>276</ymax>
		</bndbox>
	</object>
</annotation>