<annotation>
	<folder>my-project-name</folder>
	<filename>1_0_2_20161219203249692.jpg</filename>
	<path>/my-project-name/1_0_2_20161219203249692.jpg</path>
	<source>
		<database>Unspecified</database>
	</source>
	<size>
		<width>450</width>
		<height>300</height>
		<depth>3</depth>
	</size>
	<object>
		<name>face</name>
		<pose>Unspecified</pose>
		<truncated>Unspecified</truncated>
		<difficult>Unspecified</difficult>
		<bndbox>
			<xmin>224</xmin>
			<ymin>117</ymin>
			<xmax>367</xmax>
			<ymax>235</ymax>
		</bndbox>
	</object>
</annotation>