<annotation>
	<folder>my-project-name</folder>
	<filename>1_0_3_20161219230303992.jpg</filename>
	<path>/my-project-name/1_0_3_20161219230303992.jpg</path>
	<source>
		<database>Unspecified</database>
	</source>
	<size>
		<width>271</width>
		<height>187</height>
		<depth>3</depth>
	</size>
	<object>
		<name>face</name>
		<pose>Unspecified</pose>
		<truncated>Unspecified</truncated>
		<difficult>Unspecified</difficult>
		<bndbox>
			<xmin>76</xmin>
			<ymin>36</ymin>
			<xmax>178</xmax>
			<ymax>152</ymax>
		</bndbox>
	</object>
</annotation>