<annotation>
	<folder>my-project-name</folder>
	<filename>1_0_3_20161219230749432.jpg</filename>
	<path>/my-project-name/1_0_3_20161219230749432.jpg</path>
	<source>
		<database>Unspecified</database>
	</source>
	<size>
		<width>237</width>
		<height>174</height>
		<depth>3</depth>
	</size>
	<object>
		<name>face</name>
		<pose>Unspecified</pose>
		<truncated>Unspecified</truncated>
		<difficult>Unspecified</difficult>
		<bndbox>
			<xmin>107</xmin>
			<ymin>43</ymin>
			<xmax>175</xmax>
			<ymax>104</ymax>
		</bndbox>
	</object>
</annotation>