<annotation>
	<folder>my-project-name</folder>
	<filename>1_0_3_20161219225519457.jpg</filename>
	<path>/my-project-name/1_0_3_20161219225519457.jpg</path>
	<source>
		<database>Unspecified</database>
	</source>
	<size>
		<width>229</width>
		<height>168</height>
		<depth>3</depth>
	</size>
	<object>
		<name>face</name>
		<pose>Unspecified</pose>
		<truncated>Unspecified</truncated>
		<difficult>Unspecified</difficult>
		<bndbox>
			<xmin>87</xmin>
			<ymin>46</ymin>
			<xmax>177</xmax>
			<ymax>129</ymax>
		</bndbox>
	</object>
</annotation>