<annotation>
	<folder>my-project-name</folder>
	<filename>1_0_3_20161220220910514.jpg</filename>
	<path>/my-project-name/1_0_3_20161220220910514.jpg</path>
	<source>
		<database>Unspecified</database>
	</source>
	<size>
		<width>680</width>
		<height>1019</height>
		<depth>3</depth>
	</size>
	<object>
		<name>face</name>
		<pose>Unspecified</pose>
		<truncated>Unspecified</truncated>
		<difficult>Unspecified</difficult>
		<bndbox>
			<xmin>232</xmin>
			<ymin>208</ymin>
			<xmax>477</xmax>
			<ymax>529</ymax>
		</bndbox>
	</object>
</annotation>