<annotation>
	<folder>my-project-name</folder>
	<filename>1_0_0_20170110211535352.jpg</filename>
	<path>/my-project-name/1_0_0_20170110211535352.jpg</path>
	<source>
		<database>Unspecified</database>
	</source>
	<size>
		<width>7680</width>
		<height>4320</height>
		<depth>3</depth>
	</size>
	<object>
		<name>face</name>
		<pose>Unspecified</pose>
		<truncated>Unspecified</truncated>
		<difficult>Unspecified</difficult>
		<bndbox>
			<xmin>2904</xmin>
			<ymin>1427</ymin>
			<xmax>4472</xmax>
			<ymax>3198</ymax>
		</bndbox>
	</object>
</annotation>