<annotation>
	<folder>my-project-name</folder>
	<filename>1_0_3_20161219230728256.jpg</filename>
	<path>/my-project-name/1_0_3_20161219230728256.jpg</path>
	<source>
		<database>Unspecified</database>
	</source>
	<size>
		<width>197</width>
		<height>164</height>
		<depth>3</depth>
	</size>
	<object>
		<name>face</name>
		<pose>Unspecified</pose>
		<truncated>Unspecified</truncated>
		<difficult>Unspecified</difficult>
		<bndbox>
			<xmin>70</xmin>
			<ymin>31</ymin>
			<xmax>134</xmax>
			<ymax>97</ymax>
		</bndbox>
	</object>
</annotation>