<annotation>
	<folder>my-project-name</folder>
	<filename>1_0_2_20161219203156557.jpg</filename>
	<path>/my-project-name/1_0_2_20161219203156557.jpg</path>
	<source>
		<database>Unspecified</database>
	</source>
	<size>
		<width>417</width>
		<height>300</height>
		<depth>3</depth>
	</size>
	<object>
		<name>face</name>
		<pose>Unspecified</pose>
		<truncated>Unspecified</truncated>
		<difficult>Unspecified</difficult>
		<bndbox>
			<xmin>200</xmin>
			<ymin>82</ymin>
			<xmax>301</xmax>
			<ymax>178</ymax>
		</bndbox>
	</object>
</annotation>