<annotation>
	<folder>my-project-name</folder>
	<filename>1_0_0_20170110205339425.jpg</filename>
	<path>/my-project-name/1_0_0_20170110205339425.jpg</path>
	<source>
		<database>Unspecified</database>
	</source>
	<size>
		<width>489</width>
		<height>600</height>
		<depth>3</depth>
	</size>
	<object>
		<name>face</name>
		<pose>Unspecified</pose>
		<truncated>Unspecified</truncated>
		<difficult>Unspecified</difficult>
		<bndbox>
			<xmin>240</xmin>
			<ymin>101</ymin>
			<xmax>394</xmax>
			<ymax>259</ymax>
		</bndbox>
	</object>
</annotation>