<annotation>
	<folder>my-project-name</folder>
	<filename>1_0_3_20161220221723490.jpg</filename>
	<path>/my-project-name/1_0_3_20161220221723490.jpg</path>
	<source>
		<database>Unspecified</database>
	</source>
	<size>
		<width>422</width>
		<height>483</height>
		<depth>3</depth>
	</size>
	<object>
		<name>face</name>
		<pose>Unspecified</pose>
		<truncated>Unspecified</truncated>
		<difficult>Unspecified</difficult>
		<bndbox>
			<xmin>101</xmin>
			<ymin>161</ymin>
			<xmax>359</xmax>
			<ymax>426</ymax>
		</bndbox>
	</object>
</annotation>