<annotation>
	<folder>my-project-name</folder>
	<filename>1_0_3_20161220222436891.jpg</filename>
	<path>/my-project-name/1_0_3_20161220222436891.jpg</path>
	<source>
		<database>Unspecified</database>
	</source>
	<size>
		<width>1026</width>
		<height>669</height>
		<depth>3</depth>
	</size>
	<object>
		<name>face</name>
		<pose>Unspecified</pose>
		<truncated>Unspecified</truncated>
		<difficult>Unspecified</difficult>
		<bndbox>
			<xmin>357</xmin>
			<ymin>153</ymin>
			<xmax>663</xmax>
			<ymax>465</ymax>
		</bndbox>
	</object>
</annotation>