<annotation>
	<folder>my-project-name</folder>
	<filename>1_0_0_20170110211517802.jpg</filename>
	<path>/my-project-name/1_0_0_20170110211517802.jpg</path>
	<source>
		<database>Unspecified</database>
	</source>
	<size>
		<width>615</width>
		<height>620</height>
		<depth>3</depth>
	</size>
	<object>
		<name>face</name>
		<pose>Unspecified</pose>
		<truncated>Unspecified</truncated>
		<difficult>Unspecified</difficult>
		<bndbox>
			<xmin>81</xmin>
			<ymin>113</ymin>
			<xmax>391</xmax>
			<ymax>427</ymax>
		</bndbox>
	</object>
</annotation>