<annotation>
	<folder>my-project-name</folder>
	<filename>1_0_0_20170109194042219.jpg</filename>
	<path>/my-project-name/1_0_0_20170109194042219.jpg</path>
	<source>
		<database>Unspecified</database>
	</source>
	<size>
		<width>2048</width>
		<height>1356</height>
		<depth>3</depth>
	</size>
	<object>
		<name>face</name>
		<pose>Unspecified</pose>
		<truncated>Unspecified</truncated>
		<difficult>Unspecified</difficult>
		<bndbox>
			<xmin>364</xmin>
			<ymin>273</ymin>
			<xmax>1235</xmax>
			<ymax>1148</ymax>
		</bndbox>
	</object>
</annotation>