<annotation>
	<folder>my-project-name</folder>
	<filename>1_0_3_20161220222443283.jpg</filename>
	<path>/my-project-name/1_0_3_20161220222443283.jpg</path>
	<source>
		<database>Unspecified</database>
	</source>
	<size>
		<width>678</width>
		<height>1015</height>
		<depth>3</depth>
	</size>
	<object>
		<name>face</name>
		<pose>Unspecified</pose>
		<truncated>Unspecified</truncated>
		<difficult>Unspecified</difficult>
		<bndbox>
			<xmin>20</xmin>
			<ymin>178</ymin>
			<xmax>529</xmax>
			<ymax>671</ymax>
		</bndbox>
	</object>
</annotation>