<annotation>
	<folder>my-project-name</folder>
	<filename>1_0_3_20161220144425181.jpg</filename>
	<path>/my-project-name/1_0_3_20161220144425181.jpg</path>
	<source>
		<database>Unspecified</database>
	</source>
	<size>
		<width>240</width>
		<height>160</height>
		<depth>3</depth>
	</size>
	<object>
		<name>face</name>
		<pose>Unspecified</pose>
		<truncated>Unspecified</truncated>
		<difficult>Unspecified</difficult>
		<bndbox>
			<xmin>93</xmin>
			<ymin>48</ymin>
			<xmax>149</xmax>
			<ymax>102</ymax>
		</bndbox>
	</object>
</annotation>