<annotation>
	<folder>my-project-name</folder>
	<filename>1_0_3_20161219230320824.jpg</filename>
	<path>/my-project-name/1_0_3_20161219230320824.jpg</path>
	<source>
		<database>Unspecified</database>
	</source>
	<size>
		<width>125</width>
		<height>164</height>
		<depth>3</depth>
	</size>
	<object>
		<name>face</name>
		<pose>Unspecified</pose>
		<truncated>Unspecified</truncated>
		<difficult>Unspecified</difficult>
		<bndbox>
			<xmin>44</xmin>
			<ymin>34</ymin>
			<xmax>92</xmax>
			<ymax>76</ymax>
		</bndbox>
	</object>
</annotation>