<annotation>
	<folder>my-project-name</folder>
	<filename>1_0_3_20161220222642427.jpg</filename>
	<path>/my-project-name/1_0_3_20161220222642427.jpg</path>
	<source>
		<database>Unspecified</database>
	</source>
	<size>
		<width>1018</width>
		<height>677</height>
		<depth>3</depth>
	</size>
	<object>
		<name>face</name>
		<pose>Unspecified</pose>
		<truncated>Unspecified</truncated>
		<difficult>Unspecified</difficult>
		<bndbox>
			<xmin>216</xmin>
			<ymin>7</ymin>
			<xmax>737</xmax>
			<ymax>476</ymax>
		</bndbox>
	</object>
</annotation>