<annotation>
	<folder>my-project-name</folder>
	<filename>1_0_3_20161220221616882.jpg</filename>
	<path>/my-project-name/1_0_3_20161220221616882.jpg</path>
	<source>
		<database>Unspecified</database>
	</source>
	<size>
		<width>452</width>
		<height>451</height>
		<depth>3</depth>
	</size>
	<object>
		<name>face</name>
		<pose>Unspecified</pose>
		<truncated>Unspecified</truncated>
		<difficult>Unspecified</difficult>
		<bndbox>
			<xmin>162</xmin>
			<ymin>130</ymin>
			<xmax>318</xmax>
			<ymax>282</ymax>
		</bndbox>
	</object>
</annotation>