<annotation>
	<folder>my-project-name</folder>
	<filename>1_0_0_20170109194232519.jpg</filename>
	<path>/my-project-name/1_0_0_20170109194232519.jpg</path>
	<source>
		<database>Unspecified</database>
	</source>
	<size>
		<width>600</width>
		<height>402</height>
		<depth>3</depth>
	</size>
	<object>
		<name>face</name>
		<pose>Unspecified</pose>
		<truncated>Unspecified</truncated>
		<difficult>Unspecified</difficult>
		<bndbox>
			<xmin>146</xmin>
			<ymin>79</ymin>
			<xmax>445</xmax>
			<ymax>313</ymax>
		</bndbox>
	</object>
</annotation>