<annotation>
	<folder>my-project-name</folder>
	<filename>1_0_3_20161220222945883.jpg</filename>
	<path>/my-project-name/1_0_3_20161220222945883.jpg</path>
	<source>
		<database>Unspecified</database>
	</source>
	<size>
		<width>676</width>
		<height>1017</height>
		<depth>3</depth>
	</size>
	<object>
		<name>face</name>
		<pose>Unspecified</pose>
		<truncated>Unspecified</truncated>
		<difficult>Unspecified</difficult>
		<bndbox>
			<xmin>193</xmin>
			<ymin>199</ymin>
			<xmax>411</xmax>
			<ymax>452</ymax>
		</bndbox>
	</object>
</annotation>