<annotation>
	<folder>my-project-name</folder>
	<filename>1_0_0_20170109194400094.jpg</filename>
	<path>/my-project-name/1_0_0_20170109194400094.jpg</path>
	<source>
		<database>Unspecified</database>
	</source>
	<size>
		<width>1500</width>
		<height>1002</height>
		<depth>3</depth>
	</size>
	<object>
		<name>face</name>
		<pose>Unspecified</pose>
		<truncated>Unspecified</truncated>
		<difficult>Unspecified</difficult>
		<bndbox>
			<xmin>794</xmin>
			<ymin>301</ymin>
			<xmax>1290</xmax>
			<ymax>746</ymax>
		</bndbox>
	</object>
</annotation>