<annotation>
	<folder>my-project-name</folder>
	<filename>1_0_3_20161220221612859.jpg</filename>
	<path>/my-project-name/1_0_3_20161220221612859.jpg</path>
	<source>
		<database>Unspecified</database>
	</source>
	<size>
		<width>552</width>
		<height>367</height>
		<depth>3</depth>
	</size>
	<object>
		<name>face</name>
		<pose>Unspecified</pose>
		<truncated>Unspecified</truncated>
		<difficult>Unspecified</difficult>
		<bndbox>
			<xmin>220</xmin>
			<ymin>113</ymin>
			<xmax>352</xmax>
			<ymax>250</ymax>
		</bndbox>
	</object>
</annotation>