<annotation>
	<folder>my-project-name</folder>
	<filename>1_0_3_20161219230250136.jpg</filename>
	<path>/my-project-name/1_0_3_20161219230250136.jpg</path>
	<source>
		<database>Unspecified</database>
	</source>
	<size>
		<width>120</width>
		<height>182</height>
		<depth>3</depth>
	</size>
	<object>
		<name>face</name>
		<pose>Unspecified</pose>
		<truncated>Unspecified</truncated>
		<difficult>Unspecified</difficult>
		<bndbox>
			<xmin>43</xmin>
			<ymin>42</ymin>
			<xmax>90</xmax>
			<ymax>91</ymax>
		</bndbox>
	</object>
</annotation>