<annotation>
	<folder>my-project-name</folder>
	<filename>1_0_0_20170110211537870.jpg</filename>
	<path>/my-project-name/1_0_0_20170110211537870.jpg</path>
	<source>
		<database>Unspecified</database>
	</source>
	<size>
		<width>3182</width>
		<height>2176</height>
		<depth>3</depth>
	</size>
	<object>
		<name>face</name>
		<pose>Unspecified</pose>
		<truncated>Unspecified</truncated>
		<difficult>Unspecified</difficult>
		<bndbox>
			<xmin>1612</xmin>
			<ymin>381</ymin>
			<xmax>2334</xmax>
			<ymax>1229</ymax>
		</bndbox>
	</object>
</annotation>