<annotation>
	<folder>my-project-name</folder>
	<filename>1_0_0_20170110211536519.jpg</filename>
	<path>/my-project-name/1_0_0_20170110211536519.jpg</path>
	<source>
		<database>Unspecified</database>
	</source>
	<size>
		<width>1180</width>
		<height>787</height>
		<depth>3</depth>
	</size>
	<object>
		<name>face</name>
		<pose>Unspecified</pose>
		<truncated>Unspecified</truncated>
		<difficult>Unspecified</difficult>
		<bndbox>
			<xmin>667</xmin>
			<ymin>207</ymin>
			<xmax>865</xmax>
			<ymax>424</ymax>
		</bndbox>
	</object>
</annotation>