<annotation>
	<folder>my-project-name</folder>
	<filename>1_0_0_20170110205409644.jpg</filename>
	<path>/my-project-name/1_0_0_20170110205409644.jpg</path>
	<source>
		<database>Unspecified</database>
	</source>
	<size>
		<width>600</width>
		<height>400</height>
		<depth>3</depth>
	</size>
	<object>
		<name>face</name>
		<pose>Unspecified</pose>
		<truncated>Unspecified</truncated>
		<difficult>Unspecified</difficult>
		<bndbox>
			<xmin>202</xmin>
			<ymin>18</ymin>
			<xmax>454</xmax>
			<ymax>326</ymax>
		</bndbox>
	</object>
</annotation>