<annotation>
	<folder>my-project-name</folder>
	<filename>1_0_0_20170110211513139.jpg</filename>
	<path>/my-project-name/1_0_0_20170110211513139.jpg</path>
	<source>
		<database>Unspecified</database>
	</source>
	<size>
		<width>1026</width>
		<height>555</height>
		<depth>3</depth>
	</size>
	<object>
		<name>face</name>
		<pose>Unspecified</pose>
		<truncated>Unspecified</truncated>
		<difficult>Unspecified</difficult>
		<bndbox>
			<xmin>394</xmin>
			<ymin>94</ymin>
			<xmax>725</xmax>
			<ymax>418</ymax>
		</bndbox>
	</object>
</annotation>