<annotation>
	<folder>my-project-name</folder>
	<filename>1_0_3_20170104230640081.jpg</filename>
	<path>/my-project-name/1_0_3_20170104230640081.jpg</path>
	<source>
		<database>Unspecified</database>
	</source>
	<size>
		<width>520</width>
		<height>389</height>
		<depth>3</depth>
	</size>
	<object>
		<name>face</name>
		<pose>Unspecified</pose>
		<truncated>Unspecified</truncated>
		<difficult>Unspecified</difficult>
		<bndbox>
			<xmin>223</xmin>
			<ymin>60</ymin>
			<xmax>307</xmax>
			<ymax>158</ymax>
		</bndbox>
	</object>
</annotation>