<annotation>
	<folder>my-project-name</folder>
	<filename>1_0_4_20161219195147803.jpg</filename>
	<path>/my-project-name/1_0_4_20161219195147803.jpg</path>
	<source>
		<database>Unspecified</database>
	</source>
	<size>
		<width>474</width>
		<height>300</height>
		<depth>3</depth>
	</size>
	<object>
		<name>face</name>
		<pose>Unspecified</pose>
		<truncated>Unspecified</truncated>
		<difficult>Unspecified</difficult>
		<bndbox>
			<xmin>165</xmin>
			<ymin>92</ymin>
			<xmax>328</xmax>
			<ymax>243</ymax>
		</bndbox>
	</object>
</annotation>