<annotation>
	<folder>my-project-name</folder>
	<filename>1_0_3_20161220222711441.jpg</filename>
	<path>/my-project-name/1_0_3_20161220222711441.jpg</path>
	<source>
		<database>Unspecified</database>
	</source>
	<size>
		<width>726</width>
		<height>949</height>
		<depth>3</depth>
	</size>
	<object>
		<name>face</name>
		<pose>Unspecified</pose>
		<truncated>Unspecified</truncated>
		<difficult>Unspecified</difficult>
		<bndbox>
			<xmin>228</xmin>
			<ymin>389</ymin>
			<xmax>383</xmax>
			<ymax>527</ymax>
		</bndbox>
	</object>
</annotation>