<annotation>
	<folder>my-project-name</folder>
	<filename>1_0_3_20161220143121101.jpg</filename>
	<path>/my-project-name/1_0_3_20161220143121101.jpg</path>
	<source>
		<database>Unspecified</database>
	</source>
	<size>
		<width>106</width>
		<height>160</height>
		<depth>3</depth>
	</size>
	<object>
		<name>face</name>
		<pose>Unspecified</pose>
		<truncated>Unspecified</truncated>
		<difficult>Unspecified</difficult>
		<bndbox>
			<xmin>30</xmin>
			<ymin>41</ymin>
			<xmax>64</xmax>
			<ymax>71</ymax>
		</bndbox>
	</object>
</annotation>