<annotation>
	<folder>my-project-name</folder>
	<filename>1_0_0_20170109194450082.jpg</filename>
	<path>/my-project-name/1_0_0_20170109194450082.jpg</path>
	<source>
		<database>Unspecified</database>
	</source>
	<size>
		<width>333</width>
		<height>440</height>
		<depth>3</depth>
	</size>
	<object>
		<name>face</name>
		<pose>Unspecified</pose>
		<truncated>Unspecified</truncated>
		<difficult>Unspecified</difficult>
		<bndbox>
			<xmin>85</xmin>
			<ymin>67</ymin>
			<xmax>202</xmax>
			<ymax>200</ymax>
		</bndbox>
	</object>
</annotation>