<annotation>
	<folder>my-project-name</folder>
	<filename>22_1_4_20170103233803763.jpg</filename>
	<path>/my-project-name/22_1_4_20170103233803763.jpg</path>
	<source>
		<database>Unspecified</database>
	</source>
	<size>
		<width>230</width>
		<height>343</height>
		<depth>3</depth>
	</size>
	<object>
		<name>face</name>
		<pose>Unspecified</pose>
		<truncated>Unspecified</truncated>
		<difficult>Unspecified</difficult>
		<bndbox>
			<xmin>44</xmin>
			<ymin>30</ymin>
			<xmax>169</xmax>
			<ymax>142</ymax>
		</bndbox>
	</object>
</annotation>