<annotation>
	<folder>my-project-name</folder>
	<filename>22_1_4_20170103225112465.jpg</filename>
	<path>/my-project-name/22_1_4_20170103225112465.jpg</path>
	<source>
		<database>Unspecified</database>
	</source>
	<size>
		<width>254</width>
		<height>375</height>
		<depth>3</depth>
	</size>
	<object>
		<name>face</name>
		<pose>Unspecified</pose>
		<truncated>Unspecified</truncated>
		<difficult>Unspecified</difficult>
		<bndbox>
			<xmin>92</xmin>
			<ymin>86</ymin>
			<xmax>183</xmax>
			<ymax>196</ymax>
		</bndbox>
	</object>
</annotation>