<annotation>
	<folder>my-project-name</folder>
	<filename>22_1_3_20170104231706746.jpg</filename>
	<path>/my-project-name/22_1_3_20170104231706746.jpg</path>
	<source>
		<database>Unspecified</database>
	</source>
	<size>
		<width>316</width>
		<height>329</height>
		<depth>3</depth>
	</size>
	<object>
		<name>face</name>
		<pose>Unspecified</pose>
		<truncated>Unspecified</truncated>
		<difficult>Unspecified</difficult>
		<bndbox>
			<xmin>42</xmin>
			<ymin>75</ymin>
			<xmax>249</xmax>
			<ymax>294</ymax>
		</bndbox>
	</object>
</annotation>