<annotation>
	<folder>my-project-name</folder>
	<filename>22_1_3_20170104231720114.jpg</filename>
	<path>/my-project-name/22_1_3_20170104231720114.jpg</path>
	<source>
		<database>Unspecified</database>
	</source>
	<size>
		<width>280</width>
		<height>349</height>
		<depth>3</depth>
	</size>
	<object>
		<name>face</name>
		<pose>Unspecified</pose>
		<truncated>Unspecified</truncated>
		<difficult>Unspecified</difficult>
		<bndbox>
			<xmin>97</xmin>
			<ymin>86</ymin>
			<xmax>203</xmax>
			<ymax>206</ymax>
		</bndbox>
	</object>
</annotation>