<annotation>
	<folder>my-project-name</folder>
	<filename>22_1_3_20170109132213417.jpg</filename>
	<path>/my-project-name/22_1_3_20170109132213417.jpg</path>
	<source>
		<database>Unspecified</database>
	</source>
	<size>
		<width>452</width>
		<height>451</height>
		<depth>3</depth>
	</size>
	<object>
		<name>face</name>
		<pose>Unspecified</pose>
		<truncated>Unspecified</truncated>
		<difficult>Unspecified</difficult>
		<bndbox>
			<xmin>147</xmin>
			<ymin>128</ymin>
			<xmax>252</xmax>
			<ymax>240</ymax>
		</bndbox>
	</object>
</annotation>