<annotation>
	<folder>my-project-name</folder>
	<filename>22_1_4_20170104005431327.jpg</filename>
	<path>/my-project-name/22_1_4_20170104005431327.jpg</path>
	<source>
		<database>Unspecified</database>
	</source>
	<size>
		<width>492</width>
		<height>355</height>
		<depth>3</depth>
	</size>
	<object>
		<name>face</name>
		<pose>Unspecified</pose>
		<truncated>Unspecified</truncated>
		<difficult>Unspecified</difficult>
		<bndbox>
			<xmin>68</xmin>
			<ymin>77</ymin>
			<xmax>308</xmax>
			<ymax>300</ymax>
		</bndbox>
	</object>
</annotation>