<annotation>
	<folder>my-project-name</folder>
	<filename>22_1_4_20170103225813392.jpg</filename>
	<path>/my-project-name/22_1_4_20170103225813392.jpg</path>
	<source>
		<database>Unspecified</database>
	</source>
	<size>
		<width>248</width>
		<height>329</height>
		<depth>3</depth>
	</size>
	<object>
		<name>face</name>
		<pose>Unspecified</pose>
		<truncated>Unspecified</truncated>
		<difficult>Unspecified</difficult>
		<bndbox>
			<xmin>78</xmin>
			<ymin>62</ymin>
			<xmax>168</xmax>
			<ymax>169</ymax>
		</bndbox>
	</object>
</annotation>