<annotation>
	<folder>my-project-name</folder>
	<filename>22_1_4_20170103234706499.jpg</filename>
	<path>/my-project-name/22_1_4_20170103234706499.jpg</path>
	<source>
		<database>Unspecified</database>
	</source>
	<size>
		<width>368</width>
		<height>551</height>
		<depth>3</depth>
	</size>
	<object>
		<name>face</name>
		<pose>Unspecified</pose>
		<truncated>Unspecified</truncated>
		<difficult>Unspecified</difficult>
		<bndbox>
			<xmin>84</xmin>
			<ymin>67</ymin>
			<xmax>258</xmax>
			<ymax>267</ymax>
		</bndbox>
	</object>
</annotation>