<annotation>
	<folder>my-project-name</folder>
	<filename>22_1_4_20170103233857003.jpg</filename>
	<path>/my-project-name/22_1_4_20170103233857003.jpg</path>
	<source>
		<database>Unspecified</database>
	</source>
	<size>
		<width>544</width>
		<height>359</height>
		<depth>3</depth>
	</size>
	<object>
		<name>face</name>
		<pose>Unspecified</pose>
		<truncated>Unspecified</truncated>
		<difficult>Unspecified</difficult>
		<bndbox>
			<xmin>134</xmin>
			<ymin>66</ymin>
			<xmax>249</xmax>
			<ymax>182</ymax>
		</bndbox>
	</object>
</annotation>