<annotation>
	<folder>my-project-name</folder>
	<filename>23_0_2_20170107213747034.jpg</filename>
	<path>/my-project-name/23_0_2_20170107213747034.jpg</path>
	<source>
		<database>Unspecified</database>
	</source>
	<size>
		<width>386</width>
		<height>525</height>
		<depth>3</depth>
	</size>
	<object>
		<name>face</name>
		<pose>Unspecified</pose>
		<truncated>Unspecified</truncated>
		<difficult>Unspecified</difficult>
		<bndbox>
			<xmin>139</xmin>
			<ymin>156</ymin>
			<xmax>256</xmax>
			<ymax>291</ymax>
		</bndbox>
	</object>
</annotation>