<annotation>
	<folder>my-project-name</folder>
	<filename>23_0_2_20170108224712804.jpg</filename>
	<path>/my-project-name/23_0_2_20170108224712804.jpg</path>
	<source>
		<database>Unspecified</database>
	</source>
	<size>
		<width>414</width>
		<height>489</height>
		<depth>3</depth>
	</size>
	<object>
		<name>face</name>
		<pose>Unspecified</pose>
		<truncated>Unspecified</truncated>
		<difficult>Unspecified</difficult>
		<bndbox>
			<xmin>106</xmin>
			<ymin>169</ymin>
			<xmax>281</xmax>
			<ymax>350</ymax>
		</bndbox>
	</object>
</annotation>