<annotation>
	<folder>my-project-name</folder>
	<filename>23_0_3_20170104230136617.jpg</filename>
	<path>/my-project-name/23_0_3_20170104230136617.jpg</path>
	<source>
		<database>Unspecified</database>
	</source>
	<size>
		<width>582</width>
		<height>349</height>
		<depth>3</depth>
	</size>
	<object>
		<name>face</name>
		<pose>Unspecified</pose>
		<truncated>Unspecified</truncated>
		<difficult>Unspecified</difficult>
		<bndbox>
			<xmin>134</xmin>
			<ymin>91</ymin>
			<xmax>330</xmax>
			<ymax>277</ymax>
		</bndbox>
	</object>
</annotation>