<annotation>
	<folder>my-project-name</folder>
	<filename>23_0_0_20170105000754450.jpg</filename>
	<path>/my-project-name/23_0_0_20170105000754450.jpg</path>
	<source>
		<database>Unspecified</database>
	</source>
	<size>
		<width>264</width>
		<height>329</height>
		<depth>3</depth>
	</size>
	<object>
		<name>face</name>
		<pose>Unspecified</pose>
		<truncated>Unspecified</truncated>
		<difficult>Unspecified</difficult>
		<bndbox>
			<xmin>81</xmin>
			<ymin>82</ymin>
			<xmax>190</xmax>
			<ymax>203</ymax>
		</bndbox>
	</object>
</annotation>