<annotation>
	<folder>my-project-name</folder>
	<filename>23_0_4_20170102233413972.jpg</filename>
	<path>/my-project-name/23_0_4_20170102233413972.jpg</path>
	<source>
		<database>Unspecified</database>
	</source>
	<size>
		<width>302</width>
		<height>451</height>
		<depth>3</depth>
	</size>
	<object>
		<name>face</name>
		<pose>Unspecified</pose>
		<truncated>Unspecified</truncated>
		<difficult>Unspecified</difficult>
		<bndbox>
			<xmin>17</xmin>
			<ymin>85</ymin>
			<xmax>216</xmax>
			<ymax>345</ymax>
		</bndbox>
	</object>
</annotation>