<annotation>
	<folder>my-project-name</folder>
	<filename>23_0_3_20170104230132313.jpg</filename>
	<path>/my-project-name/23_0_3_20170104230132313.jpg</path>
	<source>
		<database>Unspecified</database>
	</source>
	<size>
		<width>520</width>
		<height>389</height>
		<depth>3</depth>
	</size>
	<object>
		<name>face</name>
		<pose>Unspecified</pose>
		<truncated>Unspecified</truncated>
		<difficult>Unspecified</difficult>
		<bndbox>
			<xmin>278</xmin>
			<ymin>128</ymin>
			<xmax>446</xmax>
			<ymax>321</ymax>
		</bndbox>
	</object>
</annotation>