<annotation>
	<folder>my-project-name</folder>
	<filename>23_0_4_20170103234915411.jpg</filename>
	<path>/my-project-name/23_0_4_20170103234915411.jpg</path>
	<source>
		<database>Unspecified</database>
	</source>
	<size>
		<width>344</width>
		<height>507</height>
		<depth>3</depth>
	</size>
	<object>
		<name>face</name>
		<pose>Unspecified</pose>
		<truncated>Unspecified</truncated>
		<difficult>Unspecified</difficult>
		<bndbox>
			<xmin>64</xmin>
			<ymin>139</ymin>
			<xmax>298</xmax>
			<ymax>364</ymax>
		</bndbox>
	</object>
</annotation>