<annotation>
	<folder>my-project-name</folder>
	<filename>23_1_4_20161223214747066.jpg</filename>
	<path>/my-project-name/23_1_4_20161223214747066.jpg</path>
	<source>
		<database>Unspecified</database>
	</source>
	<size>
		<width>460</width>
		<height>339</height>
		<depth>3</depth>
	</size>
	<object>
		<name>face</name>
		<pose>Unspecified</pose>
		<truncated>Unspecified</truncated>
		<difficult>Unspecified</difficult>
		<bndbox>
			<xmin>216</xmin>
			<ymin>56</ymin>
			<xmax>309</xmax>
			<ymax>178</ymax>
		</bndbox>
	</object>
</annotation>