<annotation>
	<folder>my-project-name</folder>
	<filename>23_1_3_20170104222257463.jpg</filename>
	<path>/my-project-name/23_1_3_20170104222257463.jpg</path>
	<source>
		<database>Unspecified</database>
	</source>
	<size>
		<width>574</width>
		<height>353</height>
		<depth>3</depth>
	</size>
	<object>
		<name>face</name>
		<pose>Unspecified</pose>
		<truncated>Unspecified</truncated>
		<difficult>Unspecified</difficult>
		<bndbox>
			<xmin>94</xmin>
			<ymin>73</ymin>
			<xmax>295</xmax>
			<ymax>276</ymax>
		</bndbox>
	</object>
</annotation>