<annotation>
	<folder>my-project-name</folder>
	<filename>23_1_4_20170103223600551.jpg</filename>
	<path>/my-project-name/23_1_4_20170103223600551.jpg</path>
	<source>
		<database>Unspecified</database>
	</source>
	<size>
		<width>372</width>
		<height>369</height>
		<depth>3</depth>
	</size>
	<object>
		<name>face</name>
		<pose>Unspecified</pose>
		<truncated>Unspecified</truncated>
		<difficult>Unspecified</difficult>
		<bndbox>
			<xmin>154</xmin>
			<ymin>75</ymin>
			<xmax>274</xmax>
			<ymax>230</ymax>
		</bndbox>
	</object>
</annotation>