<annotation>
	<folder>my-project-name</folder>
	<filename>23_1_0_20170104023208069.jpg</filename>
	<path>/my-project-name/23_1_0_20170104023208069.jpg</path>
	<source>
		<database>Unspecified</database>
	</source>
	<size>
		<width>602</width>
		<height>601</height>
		<depth>3</depth>
	</size>
	<object>
		<name>face</name>
		<pose>Unspecified</pose>
		<truncated>Unspecified</truncated>
		<difficult>Unspecified</difficult>
		<bndbox>
			<xmin>237</xmin>
			<ymin>32</ymin>
			<xmax>371</xmax>
			<ymax>169</ymax>
		</bndbox>
	</object>
</annotation>