<annotation>
	<folder>my-project-name</folder>
	<filename>23_1_4_20170103225807185.jpg</filename>
	<path>/my-project-name/23_1_4_20170103225807185.jpg</path>
	<source>
		<database>Unspecified</database>
	</source>
	<size>
		<width>310</width>
		<height>377</height>
		<depth>3</depth>
	</size>
	<object>
		<name>face</name>
		<pose>Unspecified</pose>
		<truncated>Unspecified</truncated>
		<difficult>Unspecified</difficult>
		<bndbox>
			<xmin>81</xmin>
			<ymin>71</ymin>
			<xmax>219</xmax>
			<ymax>200</ymax>
		</bndbox>
	</object>
</annotation>