<annotation>
	<folder>my-project-name</folder>
	<filename>23_1_3_20170104222224327.jpg</filename>
	<path>/my-project-name/23_1_3_20170104222224327.jpg</path>
	<source>
		<database>Unspecified</database>
	</source>
	<size>
		<width>336</width>
		<height>603</height>
		<depth>3</depth>
	</size>
	<object>
		<name>face</name>
		<pose>Unspecified</pose>
		<truncated>Unspecified</truncated>
		<difficult>Unspecified</difficult>
		<bndbox>
			<xmin>106</xmin>
			<ymin>119</ymin>
			<xmax>234</xmax>
			<ymax>329</ymax>
		</bndbox>
	</object>
</annotation>