<annotation>
	<folder>my-project-name</folder>
	<filename>23_1_3_20170104222242439.jpg</filename>
	<path>/my-project-name/23_1_3_20170104222242439.jpg</path>
	<source>
		<database>Unspecified</database>
	</source>
	<size>
		<width>368</width>
		<height>551</height>
		<depth>3</depth>
	</size>
	<object>
		<name>face</name>
		<pose>Unspecified</pose>
		<truncated>Unspecified</truncated>
		<difficult>Unspecified</difficult>
		<bndbox>
			<xmin>133</xmin>
			<ymin>59</ymin>
			<xmax>262</xmax>
			<ymax>215</ymax>
		</bndbox>
	</object>
</annotation>