<annotation>
	<folder>my-project-name</folder>
	<filename>23_1_0_20170103180412080.jpg</filename>
	<path>/my-project-name/23_1_0_20170103180412080.jpg</path>
	<source>
		<database>Unspecified</database>
	</source>
	<size>
		<width>368</width>
		<height>553</height>
		<depth>3</depth>
	</size>
	<object>
		<name>face</name>
		<pose>Unspecified</pose>
		<truncated>Unspecified</truncated>
		<difficult>Unspecified</difficult>
		<bndbox>
			<xmin>119</xmin>
			<ymin>178</ymin>
			<xmax>282</xmax>
			<ymax>326</ymax>
		</bndbox>
	</object>
</annotation>