<annotation>
	<folder>my-project-name</folder>
	<filename>23_1_0_20170103234935189.jpg</filename>
	<path>/my-project-name/23_1_0_20170103234935189.jpg</path>
	<source>
		<database>Unspecified</database>
	</source>
	<size>
		<width>528</width>
		<height>383</height>
		<depth>3</depth>
	</size>
	<object>
		<name>face</name>
		<pose>Unspecified</pose>
		<truncated>Unspecified</truncated>
		<difficult>Unspecified</difficult>
		<bndbox>
			<xmin>182</xmin>
			<ymin>85</ymin>
			<xmax>291</xmax>
			<ymax>253</ymax>
		</bndbox>
	</object>
</annotation>