<annotation>
	<folder>my-project-name</folder>
	<filename>23_1_4_20170103233615355.jpg</filename>
	<path>/my-project-name/23_1_4_20170103233615355.jpg</path>
	<source>
		<database>Unspecified</database>
	</source>
	<size>
		<width>382</width>
		<height>381</height>
		<depth>3</depth>
	</size>
	<object>
		<name>face</name>
		<pose>Unspecified</pose>
		<truncated>Unspecified</truncated>
		<difficult>Unspecified</difficult>
		<bndbox>
			<xmin>111</xmin>
			<ymin>33</ymin>
			<xmax>251</xmax>
			<ymax>217</ymax>
		</bndbox>
	</object>
</annotation>