<annotation>
	<folder>my-project-name</folder>
	<filename>23_1_4_20170103223551622.jpg</filename>
	<path>/my-project-name/23_1_4_20170103223551622.jpg</path>
	<source>
		<database>Unspecified</database>
	</source>
	<size>
		<width>276</width>
		<height>365</height>
		<depth>3</depth>
	</size>
	<object>
		<name>face</name>
		<pose>Unspecified</pose>
		<truncated>Unspecified</truncated>
		<difficult>Unspecified</difficult>
		<bndbox>
			<xmin>95</xmin>
			<ymin>63</ymin>
			<xmax>265</xmax>
			<ymax>240</ymax>
		</bndbox>
	</object>
</annotation>