<annotation>
	<folder>my-project-name</folder>
	<filename>23_1_0_20170103180703224.jpg</filename>
	<path>/my-project-name/23_1_0_20170103180703224.jpg</path>
	<source>
		<database>Unspecified</database>
	</source>
	<size>
		<width>600</width>
		<height>337</height>
		<depth>3</depth>
	</size>
	<object>
		<name>face</name>
		<pose>Unspecified</pose>
		<truncated>Unspecified</truncated>
		<difficult>Unspecified</difficult>
		<bndbox>
			<xmin>238</xmin>
			<ymin>27</ymin>
			<xmax>386</xmax>
			<ymax>132</ymax>
		</bndbox>
	</object>
</annotation>