<annotation>
	<folder>my-project-name</folder>
	<filename>23_1_0_20170103163123528.jpg</filename>
	<path>/my-project-name/23_1_0_20170103163123528.jpg</path>
	<source>
		<database>Unspecified</database>
	</source>
	<size>
		<width>146</width>
		<height>201</height>
		<depth>3</depth>
	</size>
	<object>
		<name>face</name>
		<pose>Unspecified</pose>
		<truncated>Unspecified</truncated>
		<difficult>Unspecified</difficult>
		<bndbox>
			<xmin>40</xmin>
			<ymin>46</ymin>
			<xmax>81</xmax>
			<ymax>114</ymax>
		</bndbox>
	</object>
</annotation>