<annotation>
	<folder>my-project-name</folder>
	<filename>23_1_3_20170104223146287.jpg</filename>
	<path>/my-project-name/23_1_3_20170104223146287.jpg</path>
	<source>
		<database>Unspecified</database>
	</source>
	<size>
		<width>386</width>
		<height>513</height>
		<depth>3</depth>
	</size>
	<object>
		<name>face</name>
		<pose>Unspecified</pose>
		<truncated>Unspecified</truncated>
		<difficult>Unspecified</difficult>
		<bndbox>
			<xmin>97</xmin>
			<ymin>76</ymin>
			<xmax>233</xmax>
			<ymax>233</ymax>
		</bndbox>
	</object>
</annotation>