<annotation>
	<folder>my-project-name</folder>
	<filename>23_1_0_20170103180414191.jpg</filename>
	<path>/my-project-name/23_1_0_20170103180414191.jpg</path>
	<source>
		<database>Unspecified</database>
	</source>
	<size>
		<width>482</width>
		<height>379</height>
		<depth>3</depth>
	</size>
	<object>
		<name>face</name>
		<pose>Unspecified</pose>
		<truncated>Unspecified</truncated>
		<difficult>Unspecified</difficult>
		<bndbox>
			<xmin>129</xmin>
			<ymin>120</ymin>
			<xmax>339</xmax>
			<ymax>318</ymax>
		</bndbox>
	</object>
</annotation>