<annotation>
	<folder>my-project-name</folder>
	<filename>23_1_4_20170103224258631.jpg</filename>
	<path>/my-project-name/23_1_4_20170103224258631.jpg</path>
	<source>
		<database>Unspecified</database>
	</source>
	<size>
		<width>278</width>
		<height>367</height>
		<depth>3</depth>
	</size>
	<object>
		<name>face</name>
		<pose>Unspecified</pose>
		<truncated>Unspecified</truncated>
		<difficult>Unspecified</difficult>
		<bndbox>
			<xmin>85</xmin>
			<ymin>66</ymin>
			<xmax>178</xmax>
			<ymax>171</ymax>
		</bndbox>
	</object>
</annotation>