<annotation>
	<folder>my-project-name</folder>
	<filename>23_1_0_20170111182452759.jpg</filename>
	<path>/my-project-name/23_1_0_20170111182452759.jpg</path>
	<source>
		<database>Unspecified</database>
	</source>
	<size>
		<width>150</width>
		<height>150</height>
		<depth>3</depth>
	</size>
	<object>
		<name>face</name>
		<pose>Unspecified</pose>
		<truncated>Unspecified</truncated>
		<difficult>Unspecified</difficult>
		<bndbox>
			<xmin>42</xmin>
			<ymin>42</ymin>
			<xmax>102</xmax>
			<ymax>97</ymax>
		</bndbox>
	</object>
</annotation>