<annotation>
	<folder>my-project-name</folder>
	<filename>23_1_0_20170104234542547.jpg</filename>
	<path>/my-project-name/23_1_0_20170104234542547.jpg</path>
	<source>
		<database>Unspecified</database>
	</source>
	<size>
		<width>390</width>
		<height>519</height>
		<depth>3</depth>
	</size>
	<object>
		<name>face</name>
		<pose>Unspecified</pose>
		<truncated>Unspecified</truncated>
		<difficult>Unspecified</difficult>
		<bndbox>
			<xmin>90</xmin>
			<ymin>158</ymin>
			<xmax>272</xmax>
			<ymax>359</ymax>
		</bndbox>
	</object>
</annotation>