<annotation>
	<folder>my-project-name</folder>
	<filename>23_1_3_20170104222308327.jpg</filename>
	<path>/my-project-name/23_1_3_20170104222308327.jpg</path>
	<source>
		<database>Unspecified</database>
	</source>
	<size>
		<width>414</width>
		<height>491</height>
		<depth>3</depth>
	</size>
	<object>
		<name>face</name>
		<pose>Unspecified</pose>
		<truncated>Unspecified</truncated>
		<difficult>Unspecified</difficult>
		<bndbox>
			<xmin>151</xmin>
			<ymin>86</ymin>
			<xmax>282</xmax>
			<ymax>237</ymax>
		</bndbox>
	</object>
</annotation>