<annotation>
	<folder>my-project-name</folder>
	<filename>23_1_4_20170103223554895.jpg</filename>
	<path>/my-project-name/23_1_4_20170103223554895.jpg</path>
	<source>
		<database>Unspecified</database>
	</source>
	<size>
		<width>202</width>
		<height>201</height>
		<depth>3</depth>
	</size>
	<object>
		<name>face</name>
		<pose>Unspecified</pose>
		<truncated>Unspecified</truncated>
		<difficult>Unspecified</difficult>
		<bndbox>
			<xmin>62</xmin>
			<ymin>31</ymin>
			<xmax>119</xmax>
			<ymax>114</ymax>
		</bndbox>
	</object>
</annotation>