<annotation>
	<folder>my-project-name</folder>
	<filename>23_1_4_20170103223903439.jpg</filename>
	<path>/my-project-name/23_1_4_20170103223903439.jpg</path>
	<source>
		<database>Unspecified</database>
	</source>
	<size>
		<width>576</width>
		<height>335</height>
		<depth>3</depth>
	</size>
	<object>
		<name>face</name>
		<pose>Unspecified</pose>
		<truncated>Unspecified</truncated>
		<difficult>Unspecified</difficult>
		<bndbox>
			<xmin>266</xmin>
			<ymin>56</ymin>
			<xmax>357</xmax>
			<ymax>147</ymax>
		</bndbox>
	</object>
</annotation>