<annotation>
	<folder>my-project-name</folder>
	<filename>23_1_3_20170104223436167.jpg</filename>
	<path>/my-project-name/23_1_3_20170104223436167.jpg</path>
	<source>
		<database>Unspecified</database>
	</source>
	<size>
		<width>368</width>
		<height>551</height>
		<depth>3</depth>
	</size>
	<object>
		<name>face</name>
		<pose>Unspecified</pose>
		<truncated>Unspecified</truncated>
		<difficult>Unspecified</difficult>
		<bndbox>
			<xmin>137</xmin>
			<ymin>88</ymin>
			<xmax>239</xmax>
			<ymax>222</ymax>
		</bndbox>
	</object>
</annotation>