<annotation>
	<folder>my-project-name</folder>
	<filename>23_1_1_20170103212737732.jpg</filename>
	<path>/my-project-name/23_1_1_20170103212737732.jpg</path>
	<source>
		<database>Unspecified</database>
	</source>
	<size>
		<width>246</width>
		<height>329</height>
		<depth>3</depth>
	</size>
	<object>
		<name>face</name>
		<pose>Unspecified</pose>
		<truncated>Unspecified</truncated>
		<difficult>Unspecified</difficult>
		<bndbox>
			<xmin>34</xmin>
			<ymin>7</ymin>
			<xmax>182</xmax>
			<ymax>164</ymax>
		</bndbox>
	</object>
</annotation>