<annotation>
	<folder>my-project-name</folder>
	<filename>23_1_3_20161220222123987.jpg</filename>
	<path>/my-project-name/23_1_3_20161220222123987.jpg</path>
	<source>
		<database>Unspecified</database>
	</source>
	<size>
		<width>380</width>
		<height>533</height>
		<depth>3</depth>
	</size>
	<object>
		<name>face</name>
		<pose>Unspecified</pose>
		<truncated>Unspecified</truncated>
		<difficult>Unspecified</difficult>
		<bndbox>
			<xmin>169</xmin>
			<ymin>111</ymin>
			<xmax>338</xmax>
			<ymax>315</ymax>
		</bndbox>
	</object>
</annotation>