<annotation>
	<folder>my-project-name</folder>
	<filename>23_1_4_20170103212744381.jpg</filename>
	<path>/my-project-name/23_1_4_20170103212744381.jpg</path>
	<source>
		<database>Unspecified</database>
	</source>
	<size>
		<width>432</width>
		<height>345</height>
		<depth>3</depth>
	</size>
	<object>
		<name>face</name>
		<pose>Unspecified</pose>
		<truncated>Unspecified</truncated>
		<difficult>Unspecified</difficult>
		<bndbox>
			<xmin>50</xmin>
			<ymin>42</ymin>
			<xmax>277</xmax>
			<ymax>291</ymax>
		</bndbox>
	</object>
</annotation>