<annotation>
	<folder>my-project-name</folder>
	<filename>23_1_3_20170104231757866.jpg</filename>
	<path>/my-project-name/23_1_3_20170104231757866.jpg</path>
	<source>
		<database>Unspecified</database>
	</source>
	<size>
		<width>376</width>
		<height>329</height>
		<depth>3</depth>
	</size>
	<object>
		<name>face</name>
		<pose>Unspecified</pose>
		<truncated>Unspecified</truncated>
		<difficult>Unspecified</difficult>
		<bndbox>
			<xmin>112</xmin>
			<ymin>80</ymin>
			<xmax>284</xmax>
			<ymax>254</ymax>
		</bndbox>
	</object>
</annotation>