<annotation>
	<folder>my-project-name</folder>
	<filename>23_1_3_20170109132112364.jpg</filename>
	<path>/my-project-name/23_1_3_20170109132112364.jpg</path>
	<source>
		<database>Unspecified</database>
	</source>
	<size>
		<width>288</width>
		<height>317</height>
		<depth>3</depth>
	</size>
	<object>
		<name>face</name>
		<pose>Unspecified</pose>
		<truncated>Unspecified</truncated>
		<difficult>Unspecified</difficult>
		<bndbox>
			<xmin>130</xmin>
			<ymin>60</ymin>
			<xmax>223</xmax>
			<ymax>184</ymax>
		</bndbox>
	</object>
</annotation>