<annotation>
	<folder>my-project-name</folder>
	<filename>23_1_4_20170103223615095.jpg</filename>
	<path>/my-project-name/23_1_4_20170103223615095.jpg</path>
	<source>
		<database>Unspecified</database>
	</source>
	<size>
		<width>552</width>
		<height>361</height>
		<depth>3</depth>
	</size>
	<object>
		<name>face</name>
		<pose>Unspecified</pose>
		<truncated>Unspecified</truncated>
		<difficult>Unspecified</difficult>
		<bndbox>
			<xmin>114</xmin>
			<ymin>42</ymin>
			<xmax>378</xmax>
			<ymax>332</ymax>
		</bndbox>
	</object>
</annotation>