<annotation>
	<folder>my-project-name</folder>
	<filename>23_1_3_20170104223556664.jpg</filename>
	<path>/my-project-name/23_1_3_20170104223556664.jpg</path>
	<source>
		<database>Unspecified</database>
	</source>
	<size>
		<width>364</width>
		<height>557</height>
		<depth>3</depth>
	</size>
	<object>
		<name>face</name>
		<pose>Unspecified</pose>
		<truncated>Unspecified</truncated>
		<difficult>Unspecified</difficult>
		<bndbox>
			<xmin>140</xmin>
			<ymin>86</ymin>
			<xmax>230</xmax>
			<ymax>183</ymax>
		</bndbox>
	</object>
</annotation>