<annotation>
	<folder>my-project-name</folder>
	<filename>23_1_4_20170103233611875.jpg</filename>
	<path>/my-project-name/23_1_4_20170103233611875.jpg</path>
	<source>
		<database>Unspecified</database>
	</source>
	<size>
		<width>230</width>
		<height>343</height>
		<depth>3</depth>
	</size>
	<object>
		<name>face</name>
		<pose>Unspecified</pose>
		<truncated>Unspecified</truncated>
		<difficult>Unspecified</difficult>
		<bndbox>
			<xmin>37</xmin>
			<ymin>73</ymin>
			<xmax>183</xmax>
			<ymax>215</ymax>
		</bndbox>
	</object>
</annotation>