<annotation>
	<folder>my-project-name</folder>
	<filename>23_1_4_20170103224510895.jpg</filename>
	<path>/my-project-name/23_1_4_20170103224510895.jpg</path>
	<source>
		<database>Unspecified</database>
	</source>
	<size>
		<width>250</width>
		<height>355</height>
		<depth>3</depth>
	</size>
	<object>
		<name>face</name>
		<pose>Unspecified</pose>
		<truncated>Unspecified</truncated>
		<difficult>Unspecified</difficult>
		<bndbox>
			<xmin>105</xmin>
			<ymin>42</ymin>
			<xmax>163</xmax>
			<ymax>101</ymax>
		</bndbox>
	</object>
</annotation>