<annotation>
	<folder>my-project-name</folder>
	<filename>23_1_0_20170104165334721.jpg</filename>
	<path>/my-project-name/23_1_0_20170104165334721.jpg</path>
	<source>
		<database>Unspecified</database>
	</source>
	<size>
		<width>424</width>
		<height>479</height>
		<depth>3</depth>
	</size>
	<object>
		<name>face</name>
		<pose>Unspecified</pose>
		<truncated>Unspecified</truncated>
		<difficult>Unspecified</difficult>
		<bndbox>
			<xmin>128</xmin>
			<ymin>116</ymin>
			<xmax>272</xmax>
			<ymax>267</ymax>
		</bndbox>
	</object>
</annotation>