<annotation>
	<folder>my-project-name</folder>
	<filename>23_1_1_20170103223013127.jpg</filename>
	<path>/my-project-name/23_1_1_20170103223013127.jpg</path>
	<source>
		<database>Unspecified</database>
	</source>
	<size>
		<width>280</width>
		<height>369</height>
		<depth>3</depth>
	</size>
	<object>
		<name>face</name>
		<pose>Unspecified</pose>
		<truncated>Unspecified</truncated>
		<difficult>Unspecified</difficult>
		<bndbox>
			<xmin>76</xmin>
			<ymin>133</ymin>
			<xmax>186</xmax>
			<ymax>253</ymax>
		</bndbox>
	</object>
</annotation>