<annotation>
	<folder>my-project-name</folder>
	<filename>23_1_0_20170103163102400.jpg</filename>
	<path>/my-project-name/23_1_0_20170103163102400.jpg</path>
	<source>
		<database>Unspecified</database>
	</source>
	<size>
		<width>402</width>
		<height>481</height>
		<depth>3</depth>
	</size>
	<object>
		<name>face</name>
		<pose>Unspecified</pose>
		<truncated>Unspecified</truncated>
		<difficult>Unspecified</difficult>
		<bndbox>
			<xmin>122</xmin>
			<ymin>85</ymin>
			<xmax>266</xmax>
			<ymax>257</ymax>
		</bndbox>
	</object>
</annotation>