<annotation>
	<folder>my-project-name</folder>
	<filename>23_1_4_20170104011031984.jpg</filename>
	<path>/my-project-name/23_1_4_20170104011031984.jpg</path>
	<source>
		<database>Unspecified</database>
	</source>
	<size>
		<width>318</width>
		<height>329</height>
		<depth>3</depth>
	</size>
	<object>
		<name>face</name>
		<pose>Unspecified</pose>
		<truncated>Unspecified</truncated>
		<difficult>Unspecified</difficult>
		<bndbox>
			<xmin>101</xmin>
			<ymin>98</ymin>
			<xmax>209</xmax>
			<ymax>201</ymax>
		</bndbox>
	</object>
</annotation>