<annotation>
	<folder>my-project-name</folder>
	<filename>23_1_0_20170103180035647.jpg</filename>
	<path>/my-project-name/23_1_0_20170103180035647.jpg</path>
	<source>
		<database>Unspecified</database>
	</source>
	<size>
		<width>494</width>
		<height>411</height>
		<depth>3</depth>
	</size>
	<object>
		<name>face</name>
		<pose>Unspecified</pose>
		<truncated>Unspecified</truncated>
		<difficult>Unspecified</difficult>
		<bndbox>
			<xmin>124</xmin>
			<ymin>56</ymin>
			<xmax>394</xmax>
			<ymax>360</ymax>
		</bndbox>
	</object>
</annotation>