<annotation>
	<folder>my-project-name</folder>
	<filename>23_1_0_20170103223641295.jpg</filename>
	<path>/my-project-name/23_1_0_20170103223641295.jpg</path>
	<source>
		<database>Unspecified</database>
	</source>
	<size>
		<width>602</width>
		<height>299</height>
		<depth>3</depth>
	</size>
	<object>
		<name>face</name>
		<pose>Unspecified</pose>
		<truncated>Unspecified</truncated>
		<difficult>Unspecified</difficult>
		<bndbox>
			<xmin>230</xmin>
			<ymin>62</ymin>
			<xmax>337</xmax>
			<ymax>163</ymax>
		</bndbox>
	</object>
</annotation>