<annotation>
	<folder>my-project-name</folder>
	<filename>23_1_0_20170104021538021.jpg</filename>
	<path>/my-project-name/23_1_0_20170104021538021.jpg</path>
	<source>
		<database>Unspecified</database>
	</source>
	<size>
		<width>962</width>
		<height>601</height>
		<depth>3</depth>
	</size>
	<object>
		<name>face</name>
		<pose>Unspecified</pose>
		<truncated>Unspecified</truncated>
		<difficult>Unspecified</difficult>
		<bndbox>
			<xmin>404</xmin>
			<ymin>103</ymin>
			<xmax>615</xmax>
			<ymax>387</ymax>
		</bndbox>
	</object>
</annotation>