<annotation>
	<folder>my-project-name</folder>
	<filename>23_1_3_20170104220147782.jpg</filename>
	<path>/my-project-name/23_1_3_20170104220147782.jpg</path>
	<source>
		<database>Unspecified</database>
	</source>
	<size>
		<width>262</width>
		<height>377</height>
		<depth>3</depth>
	</size>
	<object>
		<name>face</name>
		<pose>Unspecified</pose>
		<truncated>Unspecified</truncated>
		<difficult>Unspecified</difficult>
		<bndbox>
			<xmin>115</xmin>
			<ymin>53</ymin>
			<xmax>182</xmax>
			<ymax>139</ymax>
		</bndbox>
	</object>
</annotation>