<annotation>
	<folder>my-project-name</folder>
	<filename>23_1_0_20170105183727831.jpg</filename>
	<path>/my-project-name/23_1_0_20170105183727831.jpg</path>
	<source>
		<database>Unspecified</database>
	</source>
	<size>
		<width>366</width>
		<height>555</height>
		<depth>3</depth>
	</size>
	<object>
		<name>face</name>
		<pose>Unspecified</pose>
		<truncated>Unspecified</truncated>
		<difficult>Unspecified</difficult>
		<bndbox>
			<xmin>200</xmin>
			<ymin>71</ymin>
			<xmax>279</xmax>
			<ymax>156</ymax>
		</bndbox>
	</object>
</annotation>