<annotation>
	<folder>my-project-name</folder>
	<filename>23_1_0_20170105002627948.jpg</filename>
	<path>/my-project-name/23_1_0_20170105002627948.jpg</path>
	<source>
		<database>Unspecified</database>
	</source>
	<size>
		<width>378</width>
		<height>537</height>
		<depth>3</depth>
	</size>
	<object>
		<name>face</name>
		<pose>Unspecified</pose>
		<truncated>Unspecified</truncated>
		<difficult>Unspecified</difficult>
		<bndbox>
			<xmin>111</xmin>
			<ymin>101</ymin>
			<xmax>295</xmax>
			<ymax>290</ymax>
		</bndbox>
	</object>
</annotation>