<annotation>
	<folder>my-project-name</folder>
	<filename>23_1_0_20170103223610503.jpg</filename>
	<path>/my-project-name/23_1_0_20170103223610503.jpg</path>
	<source>
		<database>Unspecified</database>
	</source>
	<size>
		<width>504</width>
		<height>377</height>
		<depth>3</depth>
	</size>
	<object>
		<name>face</name>
		<pose>Unspecified</pose>
		<truncated>Unspecified</truncated>
		<difficult>Unspecified</difficult>
		<bndbox>
			<xmin>146</xmin>
			<ymin>80</ymin>
			<xmax>353</xmax>
			<ymax>295</ymax>
		</bndbox>
	</object>
</annotation>