<annotation>
	<folder>my-project-name</folder>
	<filename>23_1_4_20170103223618431.jpg</filename>
	<path>/my-project-name/23_1_4_20170103223618431.jpg</path>
	<source>
		<database>Unspecified</database>
	</source>
	<size>
		<width>356</width>
		<height>355</height>
		<depth>3</depth>
	</size>
	<object>
		<name>face</name>
		<pose>Unspecified</pose>
		<truncated>Unspecified</truncated>
		<difficult>Unspecified</difficult>
		<bndbox>
			<xmin>97</xmin>
			<ymin>107</ymin>
			<xmax>223</xmax>
			<ymax>256</ymax>
		</bndbox>
	</object>
</annotation>