<annotation>
	<folder>my-project-name</folder>
	<filename>23_1_3_20170104223058543.jpg</filename>
	<path>/my-project-name/23_1_3_20170104223058543.jpg</path>
	<source>
		<database>Unspecified</database>
	</source>
	<size>
		<width>394</width>
		<height>515</height>
		<depth>3</depth>
	</size>
	<object>
		<name>face</name>
		<pose>Unspecified</pose>
		<truncated>Unspecified</truncated>
		<difficult>Unspecified</difficult>
		<bndbox>
			<xmin>136</xmin>
			<ymin>83</ymin>
			<xmax>259</xmax>
			<ymax>239</ymax>
		</bndbox>
	</object>
</annotation>