<annotation>
	<folder>my-project-name</folder>
	<filename>23_1_0_20170103180518664.jpg</filename>
	<path>/my-project-name/23_1_0_20170103180518664.jpg</path>
	<source>
		<database>Unspecified</database>
	</source>
	<size>
		<width>514</width>
		<height>385</height>
		<depth>3</depth>
	</size>
	<object>
		<name>face</name>
		<pose>Unspecified</pose>
		<truncated>Unspecified</truncated>
		<difficult>Unspecified</difficult>
		<bndbox>
			<xmin>140</xmin>
			<ymin>86</ymin>
			<xmax>288</xmax>
			<ymax>252</ymax>
		</bndbox>
	</object>
</annotation>