<annotation>
	<folder>my-project-name</folder>
	<filename>23_1_3_20170104231807345.jpg</filename>
	<path>/my-project-name/23_1_3_20170104231807345.jpg</path>
	<source>
		<database>Unspecified</database>
	</source>
	<size>
		<width>476</width>
		<height>355</height>
		<depth>3</depth>
	</size>
	<object>
		<name>face</name>
		<pose>Unspecified</pose>
		<truncated>Unspecified</truncated>
		<difficult>Unspecified</difficult>
		<bndbox>
			<xmin>117</xmin>
			<ymin>108</ymin>
			<xmax>303</xmax>
			<ymax>272</ymax>
		</bndbox>
	</object>
</annotation>