<annotation>
	<folder>my-project-name</folder>
	<filename>23_1_0_20170103180451856.jpg</filename>
	<path>/my-project-name/23_1_0_20170103180451856.jpg</path>
	<source>
		<database>Unspecified</database>
	</source>
	<size>
		<width>226</width>
		<height>335</height>
		<depth>3</depth>
	</size>
	<object>
		<name>face</name>
		<pose>Unspecified</pose>
		<truncated>Unspecified</truncated>
		<difficult>Unspecified</difficult>
		<bndbox>
			<xmin>55</xmin>
			<ymin>68</ymin>
			<xmax>160</xmax>
			<ymax>198</ymax>
		</bndbox>
	</object>
</annotation>