<annotation>
	<folder>my-project-name</folder>
	<filename>23_1_0_20170104020712460.jpg</filename>
	<path>/my-project-name/23_1_0_20170104020712460.jpg</path>
	<source>
		<database>Unspecified</database>
	</source>
	<size>
		<width>484</width>
		<height>601</height>
		<depth>3</depth>
	</size>
	<object>
		<name>face</name>
		<pose>Unspecified</pose>
		<truncated>Unspecified</truncated>
		<difficult>Unspecified</difficult>
		<bndbox>
			<xmin>137</xmin>
			<ymin>100</ymin>
			<xmax>416</xmax>
			<ymax>362</ymax>
		</bndbox>
	</object>
</annotation>