<annotation>
	<folder>my-project-name</folder>
	<filename>23_1_4_20170103223410718.jpg</filename>
	<path>/my-project-name/23_1_4_20170103223410718.jpg</path>
	<source>
		<database>Unspecified</database>
	</source>
	<size>
		<width>426</width>
		<height>329</height>
		<depth>3</depth>
	</size>
	<object>
		<name>face</name>
		<pose>Unspecified</pose>
		<truncated>Unspecified</truncated>
		<difficult>Unspecified</difficult>
		<bndbox>
			<xmin>153</xmin>
			<ymin>65</ymin>
			<xmax>305</xmax>
			<ymax>241</ymax>
		</bndbox>
	</object>
</annotation>