<annotation>
	<folder>my-project-name</folder>
	<filename>24_0_0_20170102233329675.jpg</filename>
	<path>/my-project-name/24_0_0_20170102233329675.jpg</path>
	<source>
		<database>Unspecified</database>
	</source>
	<size>
		<width>452</width>
		<height>811</height>
		<depth>3</depth>
	</size>
	<object>
		<name>face</name>
		<pose>Unspecified</pose>
		<truncated>Unspecified</truncated>
		<difficult>Unspecified</difficult>
		<bndbox>
			<xmin>81</xmin>
			<ymin>188</ymin>
			<xmax>310</xmax>
			<ymax>488</ymax>
		</bndbox>
	</object>
</annotation>