<annotation>
	<folder>my-project-name</folder>
	<filename>24_0_3_20170104230212395.jpg</filename>
	<path>/my-project-name/24_0_3_20170104230212395.jpg</path>
	<source>
		<database>Unspecified</database>
	</source>
	<size>
		<width>602</width>
		<height>337</height>
		<depth>3</depth>
	</size>
	<object>
		<name>face</name>
		<pose>Unspecified</pose>
		<truncated>Unspecified</truncated>
		<difficult>Unspecified</difficult>
		<bndbox>
			<xmin>284</xmin>
			<ymin>45</ymin>
			<xmax>382</xmax>
			<ymax>182</ymax>
		</bndbox>
	</object>
</annotation>