<annotation>
	<folder>my-project-name</folder>
	<filename>24_0_2_20161219192432539.jpg</filename>
	<path>/my-project-name/24_0_2_20161219192432539.jpg</path>
	<source>
		<database>Unspecified</database>
	</source>
	<size>
		<width>235</width>
		<height>300</height>
		<depth>3</depth>
	</size>
	<object>
		<name>face</name>
		<pose>Unspecified</pose>
		<truncated>Unspecified</truncated>
		<difficult>Unspecified</difficult>
		<bndbox>
			<xmin>5</xmin>
			<ymin>82</ymin>
			<xmax>123</xmax>
			<ymax>192</ymax>
		</bndbox>
	</object>
</annotation>