<annotation>
	<folder>my-project-name</folder>
	<filename>24_0_0_20170104002326444.jpg</filename>
	<path>/my-project-name/24_0_0_20170104002326444.jpg</path>
	<source>
		<database>Unspecified</database>
	</source>
	<size>
		<width>378</width>
		<height>473</height>
		<depth>3</depth>
	</size>
	<object>
		<name>face</name>
		<pose>Unspecified</pose>
		<truncated>Unspecified</truncated>
		<difficult>Unspecified</difficult>
		<bndbox>
			<xmin>122</xmin>
			<ymin>49</ymin>
			<xmax>207</xmax>
			<ymax>131</ymax>
		</bndbox>
	</object>
</annotation>