<annotation>
	<folder>my-project-name</folder>
	<filename>24_0_2_20170104020102786.jpg</filename>
	<path>/my-project-name/24_0_2_20170104020102786.jpg</path>
	<source>
		<database>Unspecified</database>
	</source>
	<size>
		<width>402</width>
		<height>601</height>
		<depth>3</depth>
	</size>
	<object>
		<name>face</name>
		<pose>Unspecified</pose>
		<truncated>Unspecified</truncated>
		<difficult>Unspecified</difficult>
		<bndbox>
			<xmin>62</xmin>
			<ymin>172</ymin>
			<xmax>312</xmax>
			<ymax>493</ymax>
		</bndbox>
	</object>
</annotation>