<annotation>
	<folder>my-project-name</folder>
	<filename>24_0_3_20170104214521685.jpg</filename>
	<path>/my-project-name/24_0_3_20170104214521685.jpg</path>
	<source>
		<database>Unspecified</database>
	</source>
	<size>
		<width>258</width>
		<height>329</height>
		<depth>3</depth>
	</size>
	<object>
		<name>face</name>
		<pose>Unspecified</pose>
		<truncated>Unspecified</truncated>
		<difficult>Unspecified</difficult>
		<bndbox>
			<xmin>22</xmin>
			<ymin>83</ymin>
			<xmax>155</xmax>
			<ymax>236</ymax>
		</bndbox>
	</object>
</annotation>