<annotation>
	<folder>my-project-name</folder>
	<filename>24_1_3_20161220221541210.jpg</filename>
	<path>/my-project-name/24_1_3_20161220221541210.jpg</path>
	<source>
		<database>Unspecified</database>
	</source>
	<size>
		<width>346</width>
		<height>453</height>
		<depth>3</depth>
	</size>
	<object>
		<name>face</name>
		<pose>Unspecified</pose>
		<truncated>Unspecified</truncated>
		<difficult>Unspecified</difficult>
		<bndbox>
			<xmin>45</xmin>
			<ymin>114</ymin>
			<xmax>310</xmax>
			<ymax>383</ymax>
		</bndbox>
	</object>
</annotation>