<annotation>
	<folder>my-project-name</folder>
	<filename>24_1_2_20170103235106308.jpg</filename>
	<path>/my-project-name/24_1_2_20170103235106308.jpg</path>
	<source>
		<database>Unspecified</database>
	</source>
	<size>
		<width>352</width>
		<height>577</height>
		<depth>3</depth>
	</size>
	<object>
		<name>face</name>
		<pose>Unspecified</pose>
		<truncated>Unspecified</truncated>
		<difficult>Unspecified</difficult>
		<bndbox>
			<xmin>104</xmin>
			<ymin>114</ymin>
			<xmax>238</xmax>
			<ymax>284</ymax>
		</bndbox>
	</object>
</annotation>