<annotation>
	<folder>my-project-name</folder>
	<filename>24_1_0_20170109214739809.jpg</filename>
	<path>/my-project-name/24_1_0_20170109214739809.jpg</path>
	<source>
		<database>Unspecified</database>
	</source>
	<size>
		<width>1200</width>
		<height>630</height>
		<depth>3</depth>
	</size>
	<object>
		<name>face</name>
		<pose>Unspecified</pose>
		<truncated>Unspecified</truncated>
		<difficult>Unspecified</difficult>
		<bndbox>
			<xmin>411</xmin>
			<ymin>51</ymin>
			<xmax>758</xmax>
			<ymax>436</ymax>
		</bndbox>
	</object>
</annotation>