<annotation>
	<folder>my-project-name</folder>
	<filename>24_1_1_20170105183758847.jpg</filename>
	<path>/my-project-name/24_1_1_20170105183758847.jpg</path>
	<source>
		<database>Unspecified</database>
	</source>
	<size>
		<width>552</width>
		<height>367</height>
		<depth>3</depth>
	</size>
	<object>
		<name>face</name>
		<pose>Unspecified</pose>
		<truncated>Unspecified</truncated>
		<difficult>Unspecified</difficult>
		<bndbox>
			<xmin>145</xmin>
			<ymin>69</ymin>
			<xmax>250</xmax>
			<ymax>191</ymax>
		</bndbox>
	</object>
</annotation>