<annotation>
	<folder>my-project-name</folder>
	<filename>24_1_0_20170105003235308.jpg</filename>
	<path>/my-project-name/24_1_0_20170105003235308.jpg</path>
	<source>
		<database>Unspecified</database>
	</source>
	<size>
		<width>452</width>
		<height>451</height>
		<depth>3</depth>
	</size>
	<object>
		<name>face</name>
		<pose>Unspecified</pose>
		<truncated>Unspecified</truncated>
		<difficult>Unspecified</difficult>
		<bndbox>
			<xmin>105</xmin>
			<ymin>68</ymin>
			<xmax>262</xmax>
			<ymax>265</ymax>
		</bndbox>
	</object>
</annotation>