<annotation>
	<folder>my-project-name</folder>
	<filename>24_1_0_20170103163129280.jpg</filename>
	<path>/my-project-name/24_1_0_20170103163129280.jpg</path>
	<source>
		<database>Unspecified</database>
	</source>
	<size>
		<width>402</width>
		<height>401</height>
		<depth>3</depth>
	</size>
	<object>
		<name>face</name>
		<pose>Unspecified</pose>
		<truncated>Unspecified</truncated>
		<difficult>Unspecified</difficult>
		<bndbox>
			<xmin>149</xmin>
			<ymin>118</ymin>
			<xmax>275</xmax>
			<ymax>279</ymax>
		</bndbox>
	</object>
</annotation>