<annotation>
	<folder>my-project-name</folder>
	<filename>24_1_2_20170104020306436.jpg</filename>
	<path>/my-project-name/24_1_2_20170104020306436.jpg</path>
	<source>
		<database>Unspecified</database>
	</source>
	<size>
		<width>452</width>
		<height>601</height>
		<depth>3</depth>
	</size>
	<object>
		<name>face</name>
		<pose>Unspecified</pose>
		<truncated>Unspecified</truncated>
		<difficult>Unspecified</difficult>
		<bndbox>
			<xmin>97</xmin>
			<ymin>92</ymin>
			<xmax>286</xmax>
			<ymax>299</ymax>
		</bndbox>
	</object>
</annotation>