<annotation>
	<folder>my-project-name</folder>
	<filename>24_1_2_20170104020528324.jpg</filename>
	<path>/my-project-name/24_1_2_20170104020528324.jpg</path>
	<source>
		<database>Unspecified</database>
	</source>
	<size>
		<width>962</width>
		<height>601</height>
		<depth>3</depth>
	</size>
	<object>
		<name>face</name>
		<pose>Unspecified</pose>
		<truncated>Unspecified</truncated>
		<difficult>Unspecified</difficult>
		<bndbox>
			<xmin>313</xmin>
			<ymin>132</ymin>
			<xmax>571</xmax>
			<ymax>385</ymax>
		</bndbox>
	</object>
</annotation>