<annotation>
	<folder>my-project-name</folder>
	<filename>24_1_2_20170104234618170.jpg</filename>
	<path>/my-project-name/24_1_2_20170104234618170.jpg</path>
	<source>
		<database>Unspecified</database>
	</source>
	<size>
		<width>344</width>
		<height>591</height>
		<depth>3</depth>
	</size>
	<object>
		<name>face</name>
		<pose>Unspecified</pose>
		<truncated>Unspecified</truncated>
		<difficult>Unspecified</difficult>
		<bndbox>
			<xmin>101</xmin>
			<ymin>30</ymin>
			<xmax>225</xmax>
			<ymax>153</ymax>
		</bndbox>
	</object>
</annotation>