<annotation>
	<folder>my-project-name</folder>
	<filename>24_1_0_20170104234624491.jpg</filename>
	<path>/my-project-name/24_1_0_20170104234624491.jpg</path>
	<source>
		<database>Unspecified</database>
	</source>
	<size>
		<width>498</width>
		<height>407</height>
		<depth>3</depth>
	</size>
	<object>
		<name>face</name>
		<pose>Unspecified</pose>
		<truncated>Unspecified</truncated>
		<difficult>Unspecified</difficult>
		<bndbox>
			<xmin>203</xmin>
			<ymin>37</ymin>
			<xmax>286</xmax>
			<ymax>160</ymax>
		</bndbox>
	</object>
</annotation>