<annotation>
	<folder>my-project-name</folder>
	<filename>24_1_2_20170104020244348.jpg</filename>
	<path>/my-project-name/24_1_2_20170104020244348.jpg</path>
	<source>
		<database>Unspecified</database>
	</source>
	<size>
		<width>480</width>
		<height>601</height>
		<depth>3</depth>
	</size>
	<object>
		<name>face</name>
		<pose>Unspecified</pose>
		<truncated>Unspecified</truncated>
		<difficult>Unspecified</difficult>
		<bndbox>
			<xmin>167</xmin>
			<ymin>123</ymin>
			<xmax>384</xmax>
			<ymax>364</ymax>
		</bndbox>
	</object>
</annotation>