<annotation>
	<folder>my-project-name</folder>
	<filename>24_1_2_20170104020224692.jpg</filename>
	<path>/my-project-name/24_1_2_20170104020224692.jpg</path>
	<source>
		<database>Unspecified</database>
	</source>
	<size>
		<width>598</width>
		<height>601</height>
		<depth>3</depth>
	</size>
	<object>
		<name>face</name>
		<pose>Unspecified</pose>
		<truncated>Unspecified</truncated>
		<difficult>Unspecified</difficult>
		<bndbox>
			<xmin>162</xmin>
			<ymin>84</ymin>
			<xmax>427</xmax>
			<ymax>367</ymax>
		</bndbox>
	</object>
</annotation>