<annotation>
	<folder>my-project-name</folder>
	<filename>24_1_2_20170104015713028.jpg</filename>
	<path>/my-project-name/24_1_2_20170104015713028.jpg</path>
	<source>
		<database>Unspecified</database>
	</source>
	<size>
		<width>442</width>
		<height>601</height>
		<depth>3</depth>
	</size>
	<object>
		<name>face</name>
		<pose>Unspecified</pose>
		<truncated>Unspecified</truncated>
		<difficult>Unspecified</difficult>
		<bndbox>
			<xmin>3</xmin>
			<ymin>108</ymin>
			<xmax>305</xmax>
			<ymax>392</ymax>
		</bndbox>
	</object>
</annotation>