<annotation>
	<folder>my-project-name</folder>
	<filename>24_1_0_20170105183445456.jpg</filename>
	<path>/my-project-name/24_1_0_20170105183445456.jpg</path>
	<source>
		<database>Unspecified</database>
	</source>
	<size>
		<width>390</width>
		<height>521</height>
		<depth>3</depth>
	</size>
	<object>
		<name>face</name>
		<pose>Unspecified</pose>
		<truncated>Unspecified</truncated>
		<difficult>Unspecified</difficult>
		<bndbox>
			<xmin>149</xmin>
			<ymin>125</ymin>
			<xmax>297</xmax>
			<ymax>304</ymax>
		</bndbox>
	</object>
</annotation>