<annotation>
	<folder>my-project-name</folder>
	<filename>24_1_0_20170105183859832.jpg</filename>
	<path>/my-project-name/24_1_0_20170105183859832.jpg</path>
	<source>
		<database>Unspecified</database>
	</source>
	<size>
		<width>384</width>
		<height>529</height>
		<depth>3</depth>
	</size>
	<object>
		<name>face</name>
		<pose>Unspecified</pose>
		<truncated>Unspecified</truncated>
		<difficult>Unspecified</difficult>
		<bndbox>
			<xmin>139</xmin>
			<ymin>95</ymin>
			<xmax>247</xmax>
			<ymax>256</ymax>
		</bndbox>
	</object>
</annotation>