<annotation>
	<folder>my-project-name</folder>
	<filename>24_1_0_20170103180635111.jpg</filename>
	<path>/my-project-name/24_1_0_20170103180635111.jpg</path>
	<source>
		<database>Unspecified</database>
	</source>
	<size>
		<width>404</width>
		<height>503</height>
		<depth>3</depth>
	</size>
	<object>
		<name>face</name>
		<pose>Unspecified</pose>
		<truncated>Unspecified</truncated>
		<difficult>Unspecified</difficult>
		<bndbox>
			<xmin>47</xmin>
			<ymin>48</ymin>
			<xmax>249</xmax>
			<ymax>263</ymax>
		</bndbox>
	</object>
</annotation>