<annotation>
	<folder>my-project-name</folder>
	<filename>24_1_2_20161219201505604.jpg</filename>
	<path>/my-project-name/24_1_2_20161219201505604.jpg</path>
	<source>
		<database>Unspecified</database>
	</source>
	<size>
		<width>225</width>
		<height>300</height>
		<depth>3</depth>
	</size>
	<object>
		<name>face</name>
		<pose>Unspecified</pose>
		<truncated>Unspecified</truncated>
		<difficult>Unspecified</difficult>
		<bndbox>
			<xmin>55</xmin>
			<ymin>65</ymin>
			<xmax>151</xmax>
			<ymax>174</ymax>
		</bndbox>
	</object>
</annotation>