<annotation>
	<folder>my-project-name</folder>
	<filename>24_1_0_20170103180625656.jpg</filename>
	<path>/my-project-name/24_1_0_20170103180625656.jpg</path>
	<source>
		<database>Unspecified</database>
	</source>
	<size>
		<width>354</width>
		<height>513</height>
		<depth>3</depth>
	</size>
	<object>
		<name>face</name>
		<pose>Unspecified</pose>
		<truncated>Unspecified</truncated>
		<difficult>Unspecified</difficult>
		<bndbox>
			<xmin>51</xmin>
			<ymin>89</ymin>
			<xmax>253</xmax>
			<ymax>266</ymax>
		</bndbox>
	</object>
</annotation>