<annotation>
	<folder>my-project-name</folder>
	<filename>24_1_2_20170104021011429.jpg</filename>
	<path>/my-project-name/24_1_2_20170104021011429.jpg</path>
	<source>
		<database>Unspecified</database>
	</source>
	<size>
		<width>510</width>
		<height>701</height>
		<depth>3</depth>
	</size>
	<object>
		<name>face</name>
		<pose>Unspecified</pose>
		<truncated>Unspecified</truncated>
		<difficult>Unspecified</difficult>
		<bndbox>
			<xmin>157</xmin>
			<ymin>180</ymin>
			<xmax>334</xmax>
			<ymax>398</ymax>
		</bndbox>
	</object>
</annotation>