<annotation>
	<folder>my-project-name</folder>
	<filename>24_1_0_20170104234820025.jpg</filename>
	<path>/my-project-name/24_1_0_20170104234820025.jpg</path>
	<source>
		<database>Unspecified</database>
	</source>
	<size>
		<width>390</width>
		<height>519</height>
		<depth>3</depth>
	</size>
	<object>
		<name>face</name>
		<pose>Unspecified</pose>
		<truncated>Unspecified</truncated>
		<difficult>Unspecified</difficult>
		<bndbox>
			<xmin>106</xmin>
			<ymin>155</ymin>
			<xmax>306</xmax>
			<ymax>388</ymax>
		</bndbox>
	</object>
</annotation>