<annotation>
	<folder>my-project-name</folder>
	<filename>24_1_0_20170109132509565.jpg</filename>
	<path>/my-project-name/24_1_0_20170109132509565.jpg</path>
	<source>
		<database>Unspecified</database>
	</source>
	<size>
		<width>520</width>
		<height>389</height>
		<depth>3</depth>
	</size>
	<object>
		<name>face</name>
		<pose>Unspecified</pose>
		<truncated>Unspecified</truncated>
		<difficult>Unspecified</difficult>
		<bndbox>
			<xmin>187</xmin>
			<ymin>96</ymin>
			<xmax>356</xmax>
			<ymax>284</ymax>
		</bndbox>
	</object>
</annotation>