<annotation>
	<folder>my-project-name</folder>
	<filename>24_1_0_20170105183618095.jpg</filename>
	<path>/my-project-name/24_1_0_20170105183618095.jpg</path>
	<source>
		<database>Unspecified</database>
	</source>
	<size>
		<width>374</width>
		<height>543</height>
		<depth>3</depth>
	</size>
	<object>
		<name>face</name>
		<pose>Unspecified</pose>
		<truncated>Unspecified</truncated>
		<difficult>Unspecified</difficult>
		<bndbox>
			<xmin>116</xmin>
			<ymin>124</ymin>
			<xmax>246</xmax>
			<ymax>272</ymax>
		</bndbox>
	</object>
</annotation>