<annotation>
	<folder>my-project-name</folder>
	<filename>24_1_3_20161220221647314.jpg</filename>
	<path>/my-project-name/24_1_3_20161220221647314.jpg</path>
	<source>
		<database>Unspecified</database>
	</source>
	<size>
		<width>450</width>
		<height>451</height>
		<depth>3</depth>
	</size>
	<object>
		<name>face</name>
		<pose>Unspecified</pose>
		<truncated>Unspecified</truncated>
		<difficult>Unspecified</difficult>
		<bndbox>
			<xmin>193</xmin>
			<ymin>63</ymin>
			<xmax>316</xmax>
			<ymax>200</ymax>
		</bndbox>
	</object>
</annotation>