<annotation>
	<folder>my-project-name</folder>
	<filename>24_1_0_20170103180732376.jpg</filename>
	<path>/my-project-name/24_1_0_20170103180732376.jpg</path>
	<source>
		<database>Unspecified</database>
	</source>
	<size>
		<width>322</width>
		<height>321</height>
		<depth>3</depth>
	</size>
	<object>
		<name>face</name>
		<pose>Unspecified</pose>
		<truncated>Unspecified</truncated>
		<difficult>Unspecified</difficult>
		<bndbox>
			<xmin>67</xmin>
			<ymin>94</ymin>
			<xmax>270</xmax>
			<ymax>289</ymax>
		</bndbox>
	</object>
</annotation>