<annotation>
	<folder>my-project-name</folder>
	<filename>24_1_2_20170103212931444.jpg</filename>
	<path>/my-project-name/24_1_2_20170103212931444.jpg</path>
	<source>
		<database>Unspecified</database>
	</source>
	<size>
		<width>460</width>
		<height>329</height>
		<depth>3</depth>
	</size>
	<object>
		<name>face</name>
		<pose>Unspecified</pose>
		<truncated>Unspecified</truncated>
		<difficult>Unspecified</difficult>
		<bndbox>
			<xmin>175</xmin>
			<ymin>95</ymin>
			<xmax>349</xmax>
			<ymax>269</ymax>
		</bndbox>
	</object>
</annotation>