<annotation>
	<folder>my-project-name</folder>
	<filename>24_1_2_20170109213251114.jpg</filename>
	<path>/my-project-name/24_1_2_20170109213251114.jpg</path>
	<source>
		<database>Unspecified</database>
	</source>
	<size>
		<width>1280</width>
		<height>961</height>
		<depth>3</depth>
	</size>
	<object>
		<name>face</name>
		<pose>Unspecified</pose>
		<truncated>Unspecified</truncated>
		<difficult>Unspecified</difficult>
		<bndbox>
			<xmin>390</xmin>
			<ymin>179</ymin>
			<xmax>755</xmax>
			<ymax>588</ymax>
		</bndbox>
	</object>
</annotation>