<annotation>
	<folder>my-project-name</folder>
	<filename>24_1_0_20170105183641479.jpg</filename>
	<path>/my-project-name/24_1_0_20170105183641479.jpg</path>
	<source>
		<database>Unspecified</database>
	</source>
	<size>
		<width>372</width>
		<height>547</height>
		<depth>3</depth>
	</size>
	<object>
		<name>face</name>
		<pose>Unspecified</pose>
		<truncated>Unspecified</truncated>
		<difficult>Unspecified</difficult>
		<bndbox>
			<xmin>140</xmin>
			<ymin>76</ymin>
			<xmax>224</xmax>
			<ymax>183</ymax>
		</bndbox>
	</object>
</annotation>