<annotation>
	<folder>my-project-name</folder>
	<filename>24_1_0_20170108225915369.jpg</filename>
	<path>/my-project-name/24_1_0_20170108225915369.jpg</path>
	<source>
		<database>Unspecified</database>
	</source>
	<size>
		<width>482</width>
		<height>321</height>
		<depth>3</depth>
	</size>
	<object>
		<name>face</name>
		<pose>Unspecified</pose>
		<truncated>Unspecified</truncated>
		<difficult>Unspecified</difficult>
		<bndbox>
			<xmin>237</xmin>
			<ymin>78</ymin>
			<xmax>409</xmax>
			<ymax>293</ymax>
		</bndbox>
	</object>
</annotation>