<annotation>
	<folder>my-project-name</folder>
	<filename>24_1_0_20170103163324584.jpg</filename>
	<path>/my-project-name/24_1_0_20170103163324584.jpg</path>
	<source>
		<database>Unspecified</database>
	</source>
	<size>
		<width>242</width>
		<height>241</height>
		<depth>3</depth>
	</size>
	<object>
		<name>face</name>
		<pose>Unspecified</pose>
		<truncated>Unspecified</truncated>
		<difficult>Unspecified</difficult>
		<bndbox>
			<xmin>62</xmin>
			<ymin>15</ymin>
			<xmax>145</xmax>
			<ymax>107</ymax>
		</bndbox>
	</object>
</annotation>