<annotation>
	<folder>my-project-name</folder>
	<filename>24_1_2_20170103223948600.jpg</filename>
	<path>/my-project-name/24_1_2_20170103223948600.jpg</path>
	<source>
		<database>Unspecified</database>
	</source>
	<size>
		<width>552</width>
		<height>361</height>
		<depth>3</depth>
	</size>
	<object>
		<name>face</name>
		<pose>Unspecified</pose>
		<truncated>Unspecified</truncated>
		<difficult>Unspecified</difficult>
		<bndbox>
			<xmin>305</xmin>
			<ymin>53</ymin>
			<xmax>424</xmax>
			<ymax>214</ymax>
		</bndbox>
	</object>
</annotation>