<annotation>
	<folder>my-project-name</folder>
	<filename>24_1_2_20170105162251371.jpg</filename>
	<path>/my-project-name/24_1_2_20170105162251371.jpg</path>
	<source>
		<database>Unspecified</database>
	</source>
	<size>
		<width>406</width>
		<height>501</height>
		<depth>3</depth>
	</size>
	<object>
		<name>face</name>
		<pose>Unspecified</pose>
		<truncated>Unspecified</truncated>
		<difficult>Unspecified</difficult>
		<bndbox>
			<xmin>95</xmin>
			<ymin>74</ymin>
			<xmax>259</xmax>
			<ymax>251</ymax>
		</bndbox>
	</object>
</annotation>