<annotation>
	<folder>my-project-name</folder>
	<filename>24_1_0_20170104022714148.jpg</filename>
	<path>/my-project-name/24_1_0_20170104022714148.jpg</path>
	<source>
		<database>Unspecified</database>
	</source>
	<size>
		<width>458</width>
		<height>601</height>
		<depth>3</depth>
	</size>
	<object>
		<name>face</name>
		<pose>Unspecified</pose>
		<truncated>Unspecified</truncated>
		<difficult>Unspecified</difficult>
		<bndbox>
			<xmin>160</xmin>
			<ymin>103</ymin>
			<xmax>313</xmax>
			<ymax>294</ymax>
		</bndbox>
	</object>
</annotation>