<annotation>
	<folder>my-project-name</folder>
	<filename>2_0_2_20161219142207513.jpg</filename>
	<path>/my-project-name/2_0_2_20161219142207513.jpg</path>
	<source>
		<database>Unspecified</database>
	</source>
	<size>
		<width>251</width>
		<height>201</height>
		<depth>3</depth>
	</size>
	<object>
		<name>face</name>
		<pose>Unspecified</pose>
		<truncated>Unspecified</truncated>
		<difficult>Unspecified</difficult>
		<bndbox>
			<xmin>97</xmin>
			<ymin>41</ymin>
			<xmax>199</xmax>
			<ymax>136</ymax>
		</bndbox>
	</object>
</annotation>