<annotation>
	<folder>my-project-name</folder>
	<filename>2_0_2_20161219160057853.jpg</filename>
	<path>/my-project-name/2_0_2_20161219160057853.jpg</path>
	<source>
		<database>Unspecified</database>
	</source>
	<size>
		<width>239</width>
		<height>160</height>
		<depth>3</depth>
	</size>
	<object>
		<name>face</name>
		<pose>Unspecified</pose>
		<truncated>Unspecified</truncated>
		<difficult>Unspecified</difficult>
		<bndbox>
			<xmin>48</xmin>
			<ymin>33</ymin>
			<xmax>112</xmax>
			<ymax>100</ymax>
		</bndbox>
	</object>
</annotation>