<annotation>
	<folder>my-project-name</folder>
	<filename>2_0_2_20161219151420756.jpg</filename>
	<path>/my-project-name/2_0_2_20161219151420756.jpg</path>
	<source>
		<database>Unspecified</database>
	</source>
	<size>
		<width>219</width>
		<height>164</height>
		<depth>3</depth>
	</size>
	<object>
		<name>face</name>
		<pose>Unspecified</pose>
		<truncated>Unspecified</truncated>
		<difficult>Unspecified</difficult>
		<bndbox>
			<xmin>79</xmin>
			<ymin>18</ymin>
			<xmax>158</xmax>
			<ymax>98</ymax>
		</bndbox>
	</object>
</annotation>