<annotation>
	<folder>my-project-name</folder>
	<filename>2_0_1_20170110205407227.jpg</filename>
	<path>/my-project-name/2_0_1_20170110205407227.jpg</path>
	<source>
		<database>Unspecified</database>
	</source>
	<size>
		<width>315</width>
		<height>315</height>
		<depth>3</depth>
	</size>
	<object>
		<name>face</name>
		<pose>Unspecified</pose>
		<truncated>Unspecified</truncated>
		<difficult>Unspecified</difficult>
		<bndbox>
			<xmin>99</xmin>
			<ymin>59</ymin>
			<xmax>186</xmax>
			<ymax>155</ymax>
		</bndbox>
	</object>
</annotation>