<annotation>
	<folder>my-project-name</folder>
	<filename>2_0_2_20161219142258121.jpg</filename>
	<path>/my-project-name/2_0_2_20161219142258121.jpg</path>
	<source>
		<database>Unspecified</database>
	</source>
	<size>
		<width>269</width>
		<height>188</height>
		<depth>3</depth>
	</size>
	<object>
		<name>face</name>
		<pose>Unspecified</pose>
		<truncated>Unspecified</truncated>
		<difficult>Unspecified</difficult>
		<bndbox>
			<xmin>102</xmin>
			<ymin>16</ymin>
			<xmax>182</xmax>
			<ymax>117</ymax>
		</bndbox>
	</object>
</annotation>