<annotation>
	<folder>my-project-name</folder>
	<filename>2_0_2_20161219151233595.jpg</filename>
	<path>/my-project-name/2_0_2_20161219151233595.jpg</path>
	<source>
		<database>Unspecified</database>
	</source>
	<size>
		<width>93</width>
		<height>164</height>
		<depth>3</depth>
	</size>
	<object>
		<name>face</name>
		<pose>Unspecified</pose>
		<truncated>Unspecified</truncated>
		<difficult>Unspecified</difficult>
		<bndbox>
			<xmin>10</xmin>
			<ymin>43</ymin>
			<xmax>65</xmax>
			<ymax>103</ymax>
		</bndbox>
	</object>
</annotation>