<annotation>
	<folder>my-project-name</folder>
	<filename>2_0_2_20161219162438366.jpg</filename>
	<path>/my-project-name/2_0_2_20161219162438366.jpg</path>
	<source>
		<database>Unspecified</database>
	</source>
	<size>
		<width>106</width>
		<height>160</height>
		<depth>3</depth>
	</size>
	<object>
		<name>face</name>
		<pose>Unspecified</pose>
		<truncated>Unspecified</truncated>
		<difficult>Unspecified</difficult>
		<bndbox>
			<xmin>28</xmin>
			<ymin>31</ymin>
			<xmax>69</xmax>
			<ymax>85</ymax>
		</bndbox>
	</object>
</annotation>