<annotation>
	<folder>my-project-name</folder>
	<filename>2_1_3_20161220222013834.jpg</filename>
	<path>/my-project-name/2_1_3_20161220222013834.jpg</path>
	<source>
		<database>Unspecified</database>
	</source>
	<size>
		<width>476</width>
		<height>425</height>
		<depth>3</depth>
	</size>
	<object>
		<name>face</name>
		<pose>Unspecified</pose>
		<truncated>Unspecified</truncated>
		<difficult>Unspecified</difficult>
		<bndbox>
			<xmin>185</xmin>
			<ymin>83</ymin>
			<xmax>354</xmax>
			<ymax>263</ymax>
		</bndbox>
	</object>
</annotation>