<annotation>
	<folder>my-project-name</folder>
	<filename>2_1_4_20161221195137728.jpg</filename>
	<path>/my-project-name/2_1_4_20161221195137728.jpg</path>
	<source>
		<database>Unspecified</database>
	</source>
	<size>
		<width>125</width>
		<height>181</height>
		<depth>3</depth>
	</size>
	<object>
		<name>face</name>
		<pose>Unspecified</pose>
		<truncated>Unspecified</truncated>
		<difficult>Unspecified</difficult>
		<bndbox>
			<xmin>29</xmin>
			<ymin>58</ymin>
			<xmax>78</xmax>
			<ymax>114</ymax>
		</bndbox>
	</object>
</annotation>