<annotation>
	<folder>my-project-name</folder>
	<filename>2_1_4_20161221201536537.jpg</filename>
	<path>/my-project-name/2_1_4_20161221201536537.jpg</path>
	<source>
		<database>Unspecified</database>
	</source>
	<size>
		<width>416</width>
		<height>311</height>
		<depth>3</depth>
	</size>
	<object>
		<name>face</name>
		<pose>Unspecified</pose>
		<truncated>Unspecified</truncated>
		<difficult>Unspecified</difficult>
		<bndbox>
			<xmin>126</xmin>
			<ymin>47</ymin>
			<xmax>190</xmax>
			<ymax>113</ymax>
		</bndbox>
	</object>
</annotation>