<annotation>
	<folder>my-project-name</folder>
	<filename>2_1_4_20161221195003500.jpg</filename>
	<path>/my-project-name/2_1_4_20161221195003500.jpg</path>
	<source>
		<database>Unspecified</database>
	</source>
	<size>
		<width>246</width>
		<height>170</height>
		<depth>3</depth>
	</size>
	<object>
		<name>face</name>
		<pose>Unspecified</pose>
		<truncated>Unspecified</truncated>
		<difficult>Unspecified</difficult>
		<bndbox>
			<xmin>76</xmin>
			<ymin>48</ymin>
			<xmax>150</xmax>
			<ymax>119</ymax>
		</bndbox>
	</object>
</annotation>