<annotation>
	<folder>my-project-name</folder>
	<filename>3_1_3_20161220220619722.jpg</filename>
	<path>/my-project-name/3_1_3_20161220220619722.jpg</path>
	<source>
		<database>Unspecified</database>
	</source>
	<size>
		<width>1020</width>
		<height>679</height>
		<depth>3</depth>
	</size>
	<object>
		<name>face</name>
		<pose>Unspecified</pose>
		<truncated>Unspecified</truncated>
		<difficult>Unspecified</difficult>
		<bndbox>
			<xmin>486</xmin>
			<ymin>221</ymin>
			<xmax>727</xmax>
			<ymax>516</ymax>
		</bndbox>
	</object>
</annotation>