<annotation>
	<folder>my-project-name</folder>
	<filename>3_1_4_20161221193402694.jpg</filename>
	<path>/my-project-name/3_1_4_20161221193402694.jpg</path>
	<source>
		<database>Unspecified</database>
	</source>
	<size>
		<width>906</width>
		<height>763</height>
		<depth>3</depth>
	</size>
	<object>
		<name>face</name>
		<pose>Unspecified</pose>
		<truncated>Unspecified</truncated>
		<difficult>Unspecified</difficult>
		<bndbox>
			<xmin>363</xmin>
			<ymin>185</ymin>
			<xmax>634</xmax>
			<ymax>427</ymax>
		</bndbox>
	</object>
</annotation>