<annotation>
	<folder>my-project-name</folder>
	<filename>3_1_4_20161221192909421.jpg</filename>
	<path>/my-project-name/3_1_4_20161221192909421.jpg</path>
	<source>
		<database>Unspecified</database>
	</source>
	<size>
		<width>1020</width>
		<height>679</height>
		<depth>3</depth>
	</size>
	<object>
		<name>face</name>
		<pose>Unspecified</pose>
		<truncated>Unspecified</truncated>
		<difficult>Unspecified</difficult>
		<bndbox>
			<xmin>247</xmin>
			<ymin>182</ymin>
			<xmax>644</xmax>
			<ymax>527</ymax>
		</bndbox>
	</object>
</annotation>