<annotation>
	<folder>my-project-name</folder>
	<filename>3_1_4_20161221192845405.jpg</filename>
	<path>/my-project-name/3_1_4_20161221192845405.jpg</path>
	<source>
		<database>Unspecified</database>
	</source>
	<size>
		<width>854</width>
		<height>813</height>
		<depth>3</depth>
	</size>
	<object>
		<name>face</name>
		<pose>Unspecified</pose>
		<truncated>Unspecified</truncated>
		<difficult>Unspecified</difficult>
		<bndbox>
			<xmin>296</xmin>
			<ymin>140</ymin>
			<xmax>423</xmax>
			<ymax>261</ymax>
		</bndbox>
	</object>
</annotation>