<annotation>
	<folder>my-project-name</folder>
	<filename>3_1_4_20161221192709141.jpg</filename>
	<path>/my-project-name/3_1_4_20161221192709141.jpg</path>
	<source>
		<database>Unspecified</database>
	</source>
	<size>
		<width>1020</width>
		<height>679</height>
		<depth>3</depth>
	</size>
	<object>
		<name>face</name>
		<pose>Unspecified</pose>
		<truncated>Unspecified</truncated>
		<difficult>Unspecified</difficult>
		<bndbox>
			<xmin>258</xmin>
			<ymin>250</ymin>
			<xmax>453</xmax>
			<ymax>510</ymax>
		</bndbox>
	</object>
</annotation>