<annotation>
	<folder>my-project-name</folder>
	<filename>3_1_4_20161221193144389.jpg</filename>
	<path>/my-project-name/3_1_4_20161221193144389.jpg</path>
	<source>
		<database>Unspecified</database>
	</source>
	<size>
		<width>676</width>
		<height>1021</height>
		<depth>3</depth>
	</size>
	<object>
		<name>face</name>
		<pose>Unspecified</pose>
		<truncated>Unspecified</truncated>
		<difficult>Unspecified</difficult>
		<bndbox>
			<xmin>312</xmin>
			<ymin>281</ymin>
			<xmax>417</xmax>
			<ymax>365</ymax>
		</bndbox>
	</object>
</annotation>