<annotation>
	<folder>my-project-name</folder>
	<filename>3_1_3_20161220222009699.jpg</filename>
	<path>/my-project-name/3_1_3_20161220222009699.jpg</path>
	<source>
		<database>Unspecified</database>
	</source>
	<size>
		<width>388</width>
		<height>525</height>
		<depth>3</depth>
	</size>
	<object>
		<name>face</name>
		<pose>Unspecified</pose>
		<truncated>Unspecified</truncated>
		<difficult>Unspecified</difficult>
		<bndbox>
			<xmin>157</xmin>
			<ymin>130</ymin>
			<xmax>257</xmax>
			<ymax>235</ymax>
		</bndbox>
	</object>
</annotation>