<annotation>
	<folder>my-project-name</folder>
	<filename>3_1_3_20161220220632050.jpg</filename>
	<path>/my-project-name/3_1_3_20161220220632050.jpg</path>
	<source>
		<database>Unspecified</database>
	</source>
	<size>
		<width>680</width>
		<height>1019</height>
		<depth>3</depth>
	</size>
	<object>
		<name>face</name>
		<pose>Unspecified</pose>
		<truncated>Unspecified</truncated>
		<difficult>Unspecified</difficult>
		<bndbox>
			<xmin>215</xmin>
			<ymin>233</ymin>
			<xmax>555</xmax>
			<ymax>556</ymax>
		</bndbox>
	</object>
</annotation>