<annotation>
	<folder>my-project-name</folder>
	<filename>3_1_4_20161221201429017.jpg</filename>
	<path>/my-project-name/3_1_4_20161221201429017.jpg</path>
	<source>
		<database>Unspecified</database>
	</source>
	<size>
		<width>378</width>
		<height>505</height>
		<depth>3</depth>
	</size>
	<object>
		<name>face</name>
		<pose>Unspecified</pose>
		<truncated>Unspecified</truncated>
		<difficult>Unspecified</difficult>
		<bndbox>
			<xmin>117</xmin>
			<ymin>80</ymin>
			<xmax>228</xmax>
			<ymax>187</ymax>
		</bndbox>
	</object>
</annotation>