<annotation>
	<folder>my-project-name</folder>
	<filename>4_0_0_20170105183540567.jpg</filename>
	<path>/my-project-name/4_0_0_20170105183540567.jpg</path>
	<source>
		<database>Unspecified</database>
	</source>
	<size>
		<width>452</width>
		<height>451</height>
		<depth>3</depth>
	</size>
	<object>
		<name>face</name>
		<pose>Unspecified</pose>
		<truncated>Unspecified</truncated>
		<difficult>Unspecified</difficult>
		<bndbox>
			<xmin>189</xmin>
			<ymin>70</ymin>
			<xmax>268</xmax>
			<ymax>164</ymax>
		</bndbox>
	</object>
</annotation>