<annotation>
	<folder>my-project-name</folder>
	<filename>4_0_0_20170110211454141.jpg</filename>
	<path>/my-project-name/4_0_0_20170110211454141.jpg</path>
	<source>
		<database>Unspecified</database>
	</source>
	<size>
		<width>960</width>
		<height>640</height>
		<depth>3</depth>
	</size>
	<object>
		<name>face</name>
		<pose>Unspecified</pose>
		<truncated>Unspecified</truncated>
		<difficult>Unspecified</difficult>
		<bndbox>
			<xmin>232</xmin>
			<ymin>165</ymin>
			<xmax>524</xmax>
			<ymax>390</ymax>
		</bndbox>
	</object>
</annotation>