<annotation>
	<folder>my-project-name</folder>
	<filename>4_0_0_20170110205414483.jpg</filename>
	<path>/my-project-name/4_0_0_20170110205414483.jpg</path>
	<source>
		<database>Unspecified</database>
	</source>
	<size>
		<width>201</width>
		<height>245</height>
		<depth>3</depth>
	</size>
	<object>
		<name>face</name>
		<pose>Unspecified</pose>
		<truncated>Unspecified</truncated>
		<difficult>Unspecified</difficult>
		<bndbox>
			<xmin>71</xmin>
			<ymin>42</ymin>
			<xmax>125</xmax>
			<ymax>100</ymax>
		</bndbox>
	</object>
</annotation>