<annotation>
	<folder>my-project-name</folder>
	<filename>4_0_0_20170110205352445.jpg</filename>
	<path>/my-project-name/4_0_0_20170110205352445.jpg</path>
	<source>
		<database>Unspecified</database>
	</source>
	<size>
		<width>360</width>
		<height>540</height>
		<depth>3</depth>
	</size>
	<object>
		<name>face</name>
		<pose>Unspecified</pose>
		<truncated>Unspecified</truncated>
		<difficult>Unspecified</difficult>
		<bndbox>
			<xmin>151</xmin>
			<ymin>163</ymin>
			<xmax>218</xmax>
			<ymax>238</ymax>
		</bndbox>
	</object>
</annotation>