<annotation>
	<folder>my-project-name</folder>
	<filename>4_0_0_20170110212844605.jpg</filename>
	<path>/my-project-name/4_0_0_20170110212844605.jpg</path>
	<source>
		<database>Unspecified</database>
	</source>
	<size>
		<width>2448</width>
		<height>2448</height>
		<depth>3</depth>
	</size>
	<object>
		<name>face</name>
		<pose>Unspecified</pose>
		<truncated>Unspecified</truncated>
		<difficult>Unspecified</difficult>
		<bndbox>
			<xmin>1039</xmin>
			<ymin>915</ymin>
			<xmax>1894</xmax>
			<ymax>1766</ymax>
		</bndbox>
	</object>
</annotation>