<annotation>
	<folder>my-project-name</folder>
	<filename>4_0_0_20170110205349508.jpg</filename>
	<path>/my-project-name/4_0_0_20170110205349508.jpg</path>
	<source>
		<database>Unspecified</database>
	</source>
	<size>
		<width>600</width>
		<height>399</height>
		<depth>3</depth>
	</size>
	<object>
		<name>face</name>
		<pose>Unspecified</pose>
		<truncated>Unspecified</truncated>
		<difficult>Unspecified</difficult>
		<bndbox>
			<xmin>231</xmin>
			<ymin>84</ymin>
			<xmax>367</xmax>
			<ymax>234</ymax>
		</bndbox>
	</object>
</annotation>