<annotation>
	<folder>my-project-name</folder>
	<filename>4_0_0_20170110213121589.jpg</filename>
	<path>/my-project-name/4_0_0_20170110213121589.jpg</path>
	<source>
		<database>Unspecified</database>
	</source>
	<size>
		<width>1130</width>
		<height>1300</height>
		<depth>3</depth>
	</size>
	<object>
		<name>face</name>
		<pose>Unspecified</pose>
		<truncated>Unspecified</truncated>
		<difficult>Unspecified</difficult>
		<bndbox>
			<xmin>254</xmin>
			<ymin>265</ymin>
			<xmax>516</xmax>
			<ymax>544</ymax>
		</bndbox>
	</object>
</annotation>