<annotation>
	<folder>my-project-name</folder>
	<filename>4_0_0_20170110205422145.jpg</filename>
	<path>/my-project-name/4_0_0_20170110205422145.jpg</path>
	<source>
		<database>Unspecified</database>
	</source>
	<size>
		<width>955</width>
		<height>1300</height>
		<depth>3</depth>
	</size>
	<object>
		<name>face</name>
		<pose>Unspecified</pose>
		<truncated>Unspecified</truncated>
		<difficult>Unspecified</difficult>
		<bndbox>
			<xmin>198</xmin>
			<ymin>386</ymin>
			<xmax>681</xmax>
			<ymax>798</ymax>
		</bndbox>
	</object>
</annotation>