<annotation>
	<folder>my-project-name</folder>
	<filename>4_0_0_20170110212814225.jpg</filename>
	<path>/my-project-name/4_0_0_20170110212814225.jpg</path>
	<source>
		<database>Unspecified</database>
	</source>
	<size>
		<width>941</width>
		<height>629</height>
		<depth>3</depth>
	</size>
	<object>
		<name>face</name>
		<pose>Unspecified</pose>
		<truncated>Unspecified</truncated>
		<difficult>Unspecified</difficult>
		<bndbox>
			<xmin>409</xmin>
			<ymin>121</ymin>
			<xmax>537</xmax>
			<ymax>260</ymax>
		</bndbox>
	</object>
</annotation>