<annotation>
	<folder>my-project-name</folder>
	<filename>4_0_0_20170110213033450.jpg</filename>
	<path>/my-project-name/4_0_0_20170110213033450.jpg</path>
	<source>
		<database>Unspecified</database>
	</source>
	<size>
		<width>640</width>
		<height>800</height>
		<depth>3</depth>
	</size>
	<object>
		<name>face</name>
		<pose>Unspecified</pose>
		<truncated>Unspecified</truncated>
		<difficult>Unspecified</difficult>
		<bndbox>
			<xmin>271</xmin>
			<ymin>144</ymin>
			<xmax>350</xmax>
			<ymax>251</ymax>
		</bndbox>
	</object>
</annotation>