<annotation>
	<folder>my-project-name</folder>
	<filename>4_0_0_20170110212545618.jpg</filename>
	<path>/my-project-name/4_0_0_20170110212545618.jpg</path>
	<source>
		<database>Unspecified</database>
	</source>
	<size>
		<width>400</width>
		<height>600</height>
		<depth>3</depth>
	</size>
	<object>
		<name>face</name>
		<pose>Unspecified</pose>
		<truncated>Unspecified</truncated>
		<difficult>Unspecified</difficult>
		<bndbox>
			<xmin>127</xmin>
			<ymin>158</ymin>
			<xmax>283</xmax>
			<ymax>370</ymax>
		</bndbox>
	</object>
</annotation>