<annotation>
	<folder>my-project-name</folder>
	<filename>4_0_0_20170109191251137.jpg</filename>
	<path>/my-project-name/4_0_0_20170109191251137.jpg</path>
	<source>
		<database>Unspecified</database>
	</source>
	<size>
		<width>1750</width>
		<height>2500</height>
		<depth>3</depth>
	</size>
	<object>
		<name>face</name>
		<pose>Unspecified</pose>
		<truncated>Unspecified</truncated>
		<difficult>Unspecified</difficult>
		<bndbox>
			<xmin>782</xmin>
			<ymin>217</ymin>
			<xmax>1115</xmax>
			<ymax>530</ymax>
		</bndbox>
	</object>
</annotation>