<annotation>
	<folder>my-project-name</folder>
	<filename>4_0_0_20170110212621808.jpg</filename>
	<path>/my-project-name/4_0_0_20170110212621808.jpg</path>
	<source>
		<database>Unspecified</database>
	</source>
	<size>
		<width>595</width>
		<height>793</height>
		<depth>3</depth>
	</size>
	<object>
		<name>face</name>
		<pose>Unspecified</pose>
		<truncated>Unspecified</truncated>
		<difficult>Unspecified</difficult>
		<bndbox>
			<xmin>153</xmin>
			<ymin>75</ymin>
			<xmax>252</xmax>
			<ymax>210</ymax>
		</bndbox>
	</object>
</annotation>