<annotation>
	<folder>my-project-name</folder>
	<filename>4_0_0_20170110212940437.jpg</filename>
	<path>/my-project-name/4_0_0_20170110212940437.jpg</path>
	<source>
		<database>Unspecified</database>
	</source>
	<size>
		<width>400</width>
		<height>267</height>
		<depth>3</depth>
	</size>
	<object>
		<name>face</name>
		<pose>Unspecified</pose>
		<truncated>Unspecified</truncated>
		<difficult>Unspecified</difficult>
		<bndbox>
			<xmin>172</xmin>
			<ymin>62</ymin>
			<xmax>254</xmax>
			<ymax>175</ymax>
		</bndbox>
	</object>
</annotation>