<annotation>
	<folder>my-project-name</folder>
	<filename>9_0_0_20170110220005370.jpg</filename>
	<path>/my-project-name/9_0_0_20170110220005370.jpg</path>
	<source>
		<database>Unspecified</database>
	</source>
	<size>
		<width>511</width>
		<height>691</height>
		<depth>3</depth>
	</size>
	<object>
		<name>face</name>
		<pose>Unspecified</pose>
		<truncated>Unspecified</truncated>
		<difficult>Unspecified</difficult>
		<bndbox>
			<xmin>119</xmin>
			<ymin>102</ymin>
			<xmax>209</xmax>
			<ymax>214</ymax>
		</bndbox>
	</object>
</annotation>