<annotation>
	<folder>my-project-name</folder>
	<filename>9_0_0_20170110220040107.jpg</filename>
	<path>/my-project-name/9_0_0_20170110220040107.jpg</path>
	<source>
		<database>Unspecified</database>
	</source>
	<size>
		<width>827</width>
		<height>966</height>
		<depth>3</depth>
	</size>
	<object>
		<name>face</name>
		<pose>Unspecified</pose>
		<truncated>Unspecified</truncated>
		<difficult>Unspecified</difficult>
		<bndbox>
			<xmin>284</xmin>
			<ymin>25</ymin>
			<xmax>436</xmax>
			<ymax>248</ymax>
		</bndbox>
	</object>
</annotation>