<annotation>
	<folder>my-project-name</folder>
	<filename>9_0_0_20170110220153114.jpg</filename>
	<path>/my-project-name/9_0_0_20170110220153114.jpg</path>
	<source>
		<database>Unspecified</database>
	</source>
	<size>
		<width>300</width>
		<height>224</height>
		<depth>3</depth>
	</size>
	<object>
		<name>face</name>
		<pose>Unspecified</pose>
		<truncated>Unspecified</truncated>
		<difficult>Unspecified</difficult>
		<bndbox>
			<xmin>133</xmin>
			<ymin>37</ymin>
			<xmax>181</xmax>
			<ymax>99</ymax>
		</bndbox>
	</object>
</annotation>