<annotation>
	<folder>my-project-name</folder>
	<filename>9_0_0_20170110225101384.jpg</filename>
	<path>/my-project-name/9_0_0_20170110225101384.jpg</path>
	<source>
		<database>Unspecified</database>
	</source>
	<size>
		<width>1020</width>
		<height>904</height>
		<depth>3</depth>
	</size>
	<object>
		<name>face</name>
		<pose>Unspecified</pose>
		<truncated>Unspecified</truncated>
		<difficult>Unspecified</difficult>
		<bndbox>
			<xmin>262</xmin>
			<ymin>328</ymin>
			<xmax>669</xmax>
			<ymax>752</ymax>
		</bndbox>
	</object>
</annotation>