<annotation>
	<folder>my-project-name</folder>
	<filename>9_0_0_20170110220058915.jpg</filename>
	<path>/my-project-name/9_0_0_20170110220058915.jpg</path>
	<source>
		<database>Unspecified</database>
	</source>
	<size>
		<width>682</width>
		<height>1023</height>
		<depth>3</depth>
	</size>
	<object>
		<name>face</name>
		<pose>Unspecified</pose>
		<truncated>Unspecified</truncated>
		<difficult>Unspecified</difficult>
		<bndbox>
			<xmin>104</xmin>
			<ymin>186</ymin>
			<xmax>443</xmax>
			<ymax>601</ymax>
		</bndbox>
	</object>
</annotation>