<annotation>
	<folder>my-project-name</folder>
	<filename>9_0_0_20170110224737016.jpg</filename>
	<path>/my-project-name/9_0_0_20170110224737016.jpg</path>
	<source>
		<database>Unspecified</database>
	</source>
	<size>
		<width>375</width>
		<height>429</height>
		<depth>3</depth>
	</size>
	<object>
		<name>face</name>
		<pose>Unspecified</pose>
		<truncated>Unspecified</truncated>
		<difficult>Unspecified</difficult>
		<bndbox>
			<xmin>125</xmin>
			<ymin>61</ymin>
			<xmax>234</xmax>
			<ymax>195</ymax>
		</bndbox>
	</object>
</annotation>