<annotation>
	<folder>my-project-name</folder>
	<filename>9_0_0_20170110220238481.jpg</filename>
	<path>/my-project-name/9_0_0_20170110220238481.jpg</path>
	<source>
		<database>Unspecified</database>
	</source>
	<size>
		<width>471</width>
		<height>731</height>
		<depth>3</depth>
	</size>
	<object>
		<name>face</name>
		<pose>Unspecified</pose>
		<truncated>Unspecified</truncated>
		<difficult>Unspecified</difficult>
		<bndbox>
			<xmin>159</xmin>
			<ymin>84</ymin>
			<xmax>363</xmax>
			<ymax>310</ymax>
		</bndbox>
	</object>
</annotation>