<annotation>
	<folder>my-project-name</folder>
	<filename>9_0_0_20170110220312322.jpg</filename>
	<path>/my-project-name/9_0_0_20170110220312322.jpg</path>
	<source>
		<database>Unspecified</database>
	</source>
	<size>
		<width>590</width>
		<height>550</height>
		<depth>3</depth>
	</size>
	<object>
		<name>face</name>
		<pose>Unspecified</pose>
		<truncated>Unspecified</truncated>
		<difficult>Unspecified</difficult>
		<bndbox>
			<xmin>174</xmin>
			<ymin>161</ymin>
			<xmax>395</xmax>
			<ymax>443</ymax>
		</bndbox>
	</object>
</annotation>