<annotation>
	<folder>my-project-name</folder>
	<filename>9_0_0_20170110220625994.jpg</filename>
	<path>/my-project-name/9_0_0_20170110220625994.jpg</path>
	<source>
		<database>Unspecified</database>
	</source>
	<size>
		<width>468</width>
		<height>623</height>
		<depth>3</depth>
	</size>
	<object>
		<name>face</name>
		<pose>Unspecified</pose>
		<truncated>Unspecified</truncated>
		<difficult>Unspecified</difficult>
		<bndbox>
			<xmin>111</xmin>
			<ymin>59</ymin>
			<xmax>314</xmax>
			<ymax>282</ymax>
		</bndbox>
	</object>
</annotation>