<annotation>
	<folder>my-project-name</folder>
	<filename>9_0_0_20170110220441522.jpg</filename>
	<path>/my-project-name/9_0_0_20170110220441522.jpg</path>
	<source>
		<database>Unspecified</database>
	</source>
	<size>
		<width>1024</width>
		<height>768</height>
		<depth>3</depth>
	</size>
	<object>
		<name>face</name>
		<pose>Unspecified</pose>
		<truncated>Unspecified</truncated>
		<difficult>Unspecified</difficult>
		<bndbox>
			<xmin>166</xmin>
			<ymin>189</ymin>
			<xmax>457</xmax>
			<ymax>429</ymax>
		</bndbox>
	</object>
</annotation>