<annotation>
	<folder>my-project-name</folder>
	<filename>9_0_0_20170110220151722.jpg</filename>
	<path>/my-project-name/9_0_0_20170110220151722.jpg</path>
	<source>
		<database>Unspecified</database>
	</source>
	<size>
		<width>2544</width>
		<height>2735</height>
		<depth>3</depth>
	</size>
	<object>
		<name>face</name>
		<pose>Unspecified</pose>
		<truncated>Unspecified</truncated>
		<difficult>Unspecified</difficult>
		<bndbox>
			<xmin>722</xmin>
			<ymin>630</ymin>
			<xmax>1976</xmax>
			<ymax>2392</ymax>
		</bndbox>
	</object>
</annotation>