<annotation>
	<folder>my-project-name</folder>
	<filename>9_0_0_20170110225030430.jpg</filename>
	<path>/my-project-name/9_0_0_20170110225030430.jpg</path>
	<source>
		<database>Unspecified</database>
	</source>
	<size>
		<width>404</width>
		<height>960</height>
		<depth>3</depth>
	</size>
	<object>
		<name>face</name>
		<pose>Unspecified</pose>
		<truncated>Unspecified</truncated>
		<difficult>Unspecified</difficult>
		<bndbox>
			<xmin>156</xmin>
			<ymin>173</ymin>
			<xmax>242</xmax>
			<ymax>312</ymax>
		</bndbox>
	</object>
</annotation>