<annotation>
	<folder>my-project-name</folder>
	<filename>9_0_0_20170110220237634.jpg</filename>
	<path>/my-project-name/9_0_0_20170110220237634.jpg</path>
	<source>
		<database>Unspecified</database>
	</source>
	<size>
		<width>537</width>
		<height>800</height>
		<depth>3</depth>
	</size>
	<object>
		<name>face</name>
		<pose>Unspecified</pose>
		<truncated>Unspecified</truncated>
		<difficult>Unspecified</difficult>
		<bndbox>
			<xmin>326</xmin>
			<ymin>238</ymin>
			<xmax>479</xmax>
			<ymax>423</ymax>
		</bndbox>
	</object>
</annotation>