<annotation>
	<folder>my-project-name</folder>
	<filename>9_0_0_20170110220534081.jpg</filename>
	<path>/my-project-name/9_0_0_20170110220534081.jpg</path>
	<source>
		<database>Unspecified</database>
	</source>
	<size>
		<width>511</width>
		<height>640</height>
		<depth>3</depth>
	</size>
	<object>
		<name>face</name>
		<pose>Unspecified</pose>
		<truncated>Unspecified</truncated>
		<difficult>Unspecified</difficult>
		<bndbox>
			<xmin>115</xmin>
			<ymin>224</ymin>
			<xmax>329</xmax>
			<ymax>446</ymax>
		</bndbox>
	</object>
</annotation>