<annotation>
	<folder>my-project-name</folder>
	<filename>9_0_0_20170110220623658.jpg</filename>
	<path>/my-project-name/9_0_0_20170110220623658.jpg</path>
	<source>
		<database>Unspecified</database>
	</source>
	<size>
		<width>440</width>
		<height>440</height>
		<depth>3</depth>
	</size>
	<object>
		<name>face</name>
		<pose>Unspecified</pose>
		<truncated>Unspecified</truncated>
		<difficult>Unspecified</difficult>
		<bndbox>
			<xmin>93</xmin>
			<ymin>108</ymin>
			<xmax>246</xmax>
			<ymax>298</ymax>
		</bndbox>
	</object>
</annotation>