<annotation>
	<folder>my-project-name</folder>
	<filename>9_0_1_20170110215449668.jpg</filename>
	<path>/my-project-name/9_0_1_20170110215449668.jpg</path>
	<source>
		<database>Unspecified</database>
	</source>
	<size>
		<width>500</width>
		<height>333</height>
		<depth>3</depth>
	</size>
	<object>
		<name>face</name>
		<pose>Unspecified</pose>
		<truncated>Unspecified</truncated>
		<difficult>Unspecified</difficult>
		<bndbox>
			<xmin>211</xmin>
			<ymin>70</ymin>
			<xmax>333</xmax>
			<ymax>196</ymax>
		</bndbox>
	</object>
</annotation>