<annotation>
	<folder>my-project-name</folder>
	<filename>9_0_0_20170110220148443.jpg</filename>
	<path>/my-project-name/9_0_0_20170110220148443.jpg</path>
	<source>
		<database>Unspecified</database>
	</source>
	<size>
		<width>1067</width>
		<height>1600</height>
		<depth>3</depth>
	</size>
	<object>
		<name>face</name>
		<pose>Unspecified</pose>
		<truncated>Unspecified</truncated>
		<difficult>Unspecified</difficult>
		<bndbox>
			<xmin>393</xmin>
			<ymin>191</ymin>
			<xmax>677</xmax>
			<ymax>598</ymax>
		</bndbox>
	</object>
</annotation>