<annotation>
	<folder>my-project-name</folder>
	<filename>9_0_0_20170110215848132.jpg</filename>
	<path>/my-project-name/9_0_0_20170110215848132.jpg</path>
	<source>
		<database>Unspecified</database>
	</source>
	<size>
		<width>1263</width>
		<height>1300</height>
		<depth>3</depth>
	</size>
	<object>
		<name>face</name>
		<pose>Unspecified</pose>
		<truncated>Unspecified</truncated>
		<difficult>Unspecified</difficult>
		<bndbox>
			<xmin>446</xmin>
			<ymin>292</ymin>
			<xmax>635</xmax>
			<ymax>457</ymax>
		</bndbox>
	</object>
</annotation>