<annotation>
	<folder>my-project-name</folder>
	<filename>9_0_0_20170110221815301.jpg</filename>
	<path>/my-project-name/9_0_0_20170110221815301.jpg</path>
	<source>
		<database>Unspecified</database>
	</source>
	<size>
		<width>192</width>
		<height>517</height>
		<depth>3</depth>
	</size>
	<object>
		<name>face</name>
		<pose>Unspecified</pose>
		<truncated>Unspecified</truncated>
		<difficult>Unspecified</difficult>
		<bndbox>
			<xmin>95</xmin>
			<ymin>34</ymin>
			<xmax>148</xmax>
			<ymax>78</ymax>
		</bndbox>
	</object>
</annotation>