<annotation>
	<folder>my-project-name</folder>
	<filename>9_0_0_20170110225609333.jpg</filename>
	<path>/my-project-name/9_0_0_20170110225609333.jpg</path>
	<source>
		<database>Unspecified</database>
	</source>
	<size>
		<width>240</width>
		<height>360</height>
		<depth>3</depth>
	</size>
	<object>
		<name>face</name>
		<pose>Unspecified</pose>
		<truncated>Unspecified</truncated>
		<difficult>Unspecified</difficult>
		<bndbox>
			<xmin>115</xmin>
			<ymin>76</ymin>
			<xmax>216</xmax>
			<ymax>172</ymax>
		</bndbox>
	</object>
</annotation>