<annotation>
	<folder>my-project-name</folder>
	<filename>9_0_0_20170110220712974.jpg</filename>
	<path>/my-project-name/9_0_0_20170110220712974.jpg</path>
	<source>
		<database>Unspecified</database>
	</source>
	<size>
		<width>1280</width>
		<height>720</height>
		<depth>3</depth>
	</size>
	<object>
		<name>face</name>
		<pose>Unspecified</pose>
		<truncated>Unspecified</truncated>
		<difficult>Unspecified</difficult>
		<bndbox>
			<xmin>503</xmin>
			<ymin>127</ymin>
			<xmax>743</xmax>
			<ymax>436</ymax>
		</bndbox>
	</object>
</annotation>