<annotation>
	<folder>my-project-name</folder>
	<filename>9_0_0_20170110224425000.jpg</filename>
	<path>/my-project-name/9_0_0_20170110224425000.jpg</path>
	<source>
		<database>Unspecified</database>
	</source>
	<size>
		<width>260</width>
		<height>390</height>
		<depth>3</depth>
	</size>
	<object>
		<name>face</name>
		<pose>Unspecified</pose>
		<truncated>Unspecified</truncated>
		<difficult>Unspecified</difficult>
		<bndbox>
			<xmin>95</xmin>
			<ymin>116</ymin>
			<xmax>186</xmax>
			<ymax>232</ymax>
		</bndbox>
	</object>
</annotation>