<annotation>
	<folder>my-project-name</folder>
	<filename>9_0_0_20170110221723108.jpg</filename>
	<path>/my-project-name/9_0_0_20170110221723108.jpg</path>
	<source>
		<database>Unspecified</database>
	</source>
	<size>
		<width>520</width>
		<height>693</height>
		<depth>3</depth>
	</size>
	<object>
		<name>face</name>
		<pose>Unspecified</pose>
		<truncated>Unspecified</truncated>
		<difficult>Unspecified</difficult>
		<bndbox>
			<xmin>164</xmin>
			<ymin>122</ymin>
			<xmax>313</xmax>
			<ymax>288</ymax>
		</bndbox>
	</object>
</annotation>