<annotation>
	<folder>my-project-name</folder>
	<filename>9_0_0_20170110221701052.jpg</filename>
	<path>/my-project-name/9_0_0_20170110221701052.jpg</path>
	<source>
		<database>Unspecified</database>
	</source>
	<size>
		<width>291</width>
		<height>379</height>
		<depth>3</depth>
	</size>
	<object>
		<name>face</name>
		<pose>Unspecified</pose>
		<truncated>Unspecified</truncated>
		<difficult>Unspecified</difficult>
		<bndbox>
			<xmin>99</xmin>
			<ymin>33</ymin>
			<xmax>205</xmax>
			<ymax>185</ymax>
		</bndbox>
	</object>
</annotation>