<annotation>
	<folder>my-project-name</folder>
	<filename>9_0_0_20170110224558724.jpg</filename>
	<path>/my-project-name/9_0_0_20170110224558724.jpg</path>
	<source>
		<database>Unspecified</database>
	</source>
	<size>
		<width>327</width>
		<height>448</height>
		<depth>3</depth>
	</size>
	<object>
		<name>face</name>
		<pose>Unspecified</pose>
		<truncated>Unspecified</truncated>
		<difficult>Unspecified</difficult>
		<bndbox>
			<xmin>106</xmin>
			<ymin>81</ymin>
			<xmax>203</xmax>
			<ymax>193</ymax>
		</bndbox>
	</object>
</annotation>