<annotation>
	<folder>my-project-name</folder>
	<filename>9_0_0_20170110220241330.jpg</filename>
	<path>/my-project-name/9_0_0_20170110220241330.jpg</path>
	<source>
		<database>Unspecified</database>
	</source>
	<size>
		<width>864</width>
		<height>631</height>
		<depth>3</depth>
	</size>
	<object>
		<name>face</name>
		<pose>Unspecified</pose>
		<truncated>Unspecified</truncated>
		<difficult>Unspecified</difficult>
		<bndbox>
			<xmin>346</xmin>
			<ymin>91</ymin>
			<xmax>523</xmax>
			<ymax>279</ymax>
		</bndbox>
	</object>
</annotation>