<annotation>
	<folder>my-project-name</folder>
	<filename>9_0_0_20170110220149298.jpg</filename>
	<path>/my-project-name/9_0_0_20170110220149298.jpg</path>
	<source>
		<database>Unspecified</database>
	</source>
	<size>
		<width>632</width>
		<height>840</height>
		<depth>3</depth>
	</size>
	<object>
		<name>face</name>
		<pose>Unspecified</pose>
		<truncated>Unspecified</truncated>
		<difficult>Unspecified</difficult>
		<bndbox>
			<xmin>159</xmin>
			<ymin>171</ymin>
			<xmax>424</xmax>
			<ymax>482</ymax>
		</bndbox>
	</object>
</annotation>