<annotation>
	<folder>my-project-name</folder>
	<filename>9_0_0_20170110220339426.jpg</filename>
	<path>/my-project-name/9_0_0_20170110220339426.jpg</path>
	<source>
		<database>Unspecified</database>
	</source>
	<size>
		<width>213</width>
		<height>320</height>
		<depth>3</depth>
	</size>
	<object>
		<name>face</name>
		<pose>Unspecified</pose>
		<truncated>Unspecified</truncated>
		<difficult>Unspecified</difficult>
		<bndbox>
			<xmin>59</xmin>
			<ymin>48</ymin>
			<xmax>119</xmax>
			<ymax>120</ymax>
		</bndbox>
	</object>
</annotation>