<annotation>
	<folder>my-project-name</folder>
	<filename>9_0_0_20170110220532651.jpg</filename>
	<path>/my-project-name/9_0_0_20170110220532651.jpg</path>
	<source>
		<database>Unspecified</database>
	</source>
	<size>
		<width>600</width>
		<height>450</height>
		<depth>3</depth>
	</size>
	<object>
		<name>face</name>
		<pose>Unspecified</pose>
		<truncated>Unspecified</truncated>
		<difficult>Unspecified</difficult>
		<bndbox>
			<xmin>195</xmin>
			<ymin>94</ymin>
			<xmax>358</xmax>
			<ymax>281</ymax>
		</bndbox>
	</object>
</annotation>