<annotation>
	<folder>my-project-name</folder>
	<filename>9_0_0_20170110224611885.jpg</filename>
	<path>/my-project-name/9_0_0_20170110224611885.jpg</path>
	<source>
		<database>Unspecified</database>
	</source>
	<size>
		<width>625</width>
		<height>417</height>
		<depth>3</depth>
	</size>
	<object>
		<name>face</name>
		<pose>Unspecified</pose>
		<truncated>Unspecified</truncated>
		<difficult>Unspecified</difficult>
		<bndbox>
			<xmin>232</xmin>
			<ymin>51</ymin>
			<xmax>357</xmax>
			<ymax>182</ymax>
		</bndbox>
	</object>
</annotation>