<annotation>
	<folder>my-project-name</folder>
	<filename>9_0_0_20170110224610119.jpg</filename>
	<path>/my-project-name/9_0_0_20170110224610119.jpg</path>
	<source>
		<database>Unspecified</database>
	</source>
	<size>
		<width>800</width>
		<height>1201</height>
		<depth>3</depth>
	</size>
	<object>
		<name>face</name>
		<pose>Unspecified</pose>
		<truncated>Unspecified</truncated>
		<difficult>Unspecified</difficult>
		<bndbox>
			<xmin>212</xmin>
			<ymin>325</ymin>
			<xmax>627</xmax>
			<ymax>747</ymax>
		</bndbox>
	</object>
</annotation>