<annotation>
	<folder>my-project-name</folder>
	<filename>9_0_0_20170110220658769.jpg</filename>
	<path>/my-project-name/9_0_0_20170110220658769.jpg</path>
	<source>
		<database>Unspecified</database>
	</source>
	<size>
		<width>1300</width>
		<height>1015</height>
		<depth>3</depth>
	</size>
	<object>
		<name>face</name>
		<pose>Unspecified</pose>
		<truncated>Unspecified</truncated>
		<difficult>Unspecified</difficult>
		<bndbox>
			<xmin>521</xmin>
			<ymin>197</ymin>
			<xmax>742</xmax>
			<ymax>462</ymax>
		</bndbox>
	</object>
</annotation>