<annotation>
	<folder>my-project-name</folder>
	<filename>9_0_0_20170110224437980.jpg</filename>
	<path>/my-project-name/9_0_0_20170110224437980.jpg</path>
	<source>
		<database>Unspecified</database>
	</source>
	<size>
		<width>1600</width>
		<height>900</height>
		<depth>3</depth>
	</size>
	<object>
		<name>face</name>
		<pose>Unspecified</pose>
		<truncated>Unspecified</truncated>
		<difficult>Unspecified</difficult>
		<bndbox>
			<xmin>557</xmin>
			<ymin>182</ymin>
			<xmax>868</xmax>
			<ymax>527</ymax>
		</bndbox>
	</object>
</annotation>