<annotation>
	<folder>my-project-name</folder>
	<filename>9_0_0_20170110221716630.jpg</filename>
	<path>/my-project-name/9_0_0_20170110221716630.jpg</path>
	<source>
		<database>Unspecified</database>
	</source>
	<size>
		<width>459</width>
		<height>612</height>
		<depth>3</depth>
	</size>
	<object>
		<name>face</name>
		<pose>Unspecified</pose>
		<truncated>Unspecified</truncated>
		<difficult>Unspecified</difficult>
		<bndbox>
			<xmin>120</xmin>
			<ymin>206</ymin>
			<xmax>402</xmax>
			<ymax>455</ymax>
		</bndbox>
	</object>
</annotation>