<annotation>
	<folder>my-project-name</folder>
	<filename>9_0_0_20170110220134026.jpg</filename>
	<path>/my-project-name/9_0_0_20170110220134026.jpg</path>
	<source>
		<database>Unspecified</database>
	</source>
	<size>
		<width>236</width>
		<height>355</height>
		<depth>3</depth>
	</size>
	<object>
		<name>face</name>
		<pose>Unspecified</pose>
		<truncated>Unspecified</truncated>
		<difficult>Unspecified</difficult>
		<bndbox>
			<xmin>60</xmin>
			<ymin>72</ymin>
			<xmax>175</xmax>
			<ymax>224</ymax>
		</bndbox>
	</object>
</annotation>