<annotation>
	<folder>my-project-name</folder>
	<filename>9_0_0_20170110224542473.jpg</filename>
	<path>/my-project-name/9_0_0_20170110224542473.jpg</path>
	<source>
		<database>Unspecified</database>
	</source>
	<size>
		<width>660</width>
		<height>330</height>
		<depth>3</depth>
	</size>
	<object>
		<name>face</name>
		<pose>Unspecified</pose>
		<truncated>Unspecified</truncated>
		<difficult>Unspecified</difficult>
		<bndbox>
			<xmin>267</xmin>
			<ymin>62</ymin>
			<xmax>387</xmax>
			<ymax>189</ymax>
		</bndbox>
	</object>
</annotation>