<annotation>
	<folder>my-project-name</folder>
	<filename>9_0_0_20170110220515721.jpg</filename>
	<path>/my-project-name/9_0_0_20170110220515721.jpg</path>
	<source>
		<database>Unspecified</database>
	</source>
	<size>
		<width>450</width>
		<height>319</height>
		<depth>3</depth>
	</size>
	<object>
		<name>face</name>
		<pose>Unspecified</pose>
		<truncated>Unspecified</truncated>
		<difficult>Unspecified</difficult>
		<bndbox>
			<xmin>112</xmin>
			<ymin>67</ymin>
			<xmax>218</xmax>
			<ymax>176</ymax>
		</bndbox>
	</object>
</annotation>