<annotation>
	<folder>my-project-name</folder>
	<filename>9_0_0_20170110220236260.jpg</filename>
	<path>/my-project-name/9_0_0_20170110220236260.jpg</path>
	<source>
		<database>Unspecified</database>
	</source>
	<size>
		<width>300</width>
		<height>470</height>
		<depth>3</depth>
	</size>
	<object>
		<name>face</name>
		<pose>Unspecified</pose>
		<truncated>Unspecified</truncated>
		<difficult>Unspecified</difficult>
		<bndbox>
			<xmin>75</xmin>
			<ymin>100</ymin>
			<xmax>199</xmax>
			<ymax>278</ymax>
		</bndbox>
	</object>
</annotation>