<annotation>
	<folder>my-project-name</folder>
	<filename>9_0_0_20170110220559873.jpg</filename>
	<path>/my-project-name/9_0_0_20170110220559873.jpg</path>
	<source>
		<database>Unspecified</database>
	</source>
	<size>
		<width>500</width>
		<height>667</height>
		<depth>3</depth>
	</size>
	<object>
		<name>face</name>
		<pose>Unspecified</pose>
		<truncated>Unspecified</truncated>
		<difficult>Unspecified</difficult>
		<bndbox>
			<xmin>185</xmin>
			<ymin>106</ymin>
			<xmax>369</xmax>
			<ymax>357</ymax>
		</bndbox>
	</object>
</annotation>