<annotation>
	<folder>my-project-name</folder>
	<filename>9_0_0_20170110224305302.jpg</filename>
	<path>/my-project-name/9_0_0_20170110224305302.jpg</path>
	<source>
		<database>Unspecified</database>
	</source>
	<size>
		<width>665</width>
		<height>385</height>
		<depth>3</depth>
	</size>
	<object>
		<name>face</name>
		<pose>Unspecified</pose>
		<truncated>Unspecified</truncated>
		<difficult>Unspecified</difficult>
		<bndbox>
			<xmin>209</xmin>
			<ymin>86</ymin>
			<xmax>382</xmax>
			<ymax>269</ymax>
		</bndbox>
	</object>
</annotation>