<annotation>
	<folder>my-project-name</folder>
	<filename>9_0_0_20170110224607682.jpg</filename>
	<path>/my-project-name/9_0_0_20170110224607682.jpg</path>
	<source>
		<database>Unspecified</database>
	</source>
	<size>
		<width>750</width>
		<height>500</height>
		<depth>3</depth>
	</size>
	<object>
		<name>face</name>
		<pose>Unspecified</pose>
		<truncated>Unspecified</truncated>
		<difficult>Unspecified</difficult>
		<bndbox>
			<xmin>335</xmin>
			<ymin>159</ymin>
			<xmax>469</xmax>
			<ymax>300</ymax>
		</bndbox>
	</object>
</annotation>