<annotation>
	<folder>my-project-name</folder>
	<filename>9_0_0_20170110220601810.jpg</filename>
	<path>/my-project-name/9_0_0_20170110220601810.jpg</path>
	<source>
		<database>Unspecified</database>
	</source>
	<size>
		<width>634</width>
		<height>447</height>
		<depth>3</depth>
	</size>
	<object>
		<name>face</name>
		<pose>Unspecified</pose>
		<truncated>Unspecified</truncated>
		<difficult>Unspecified</difficult>
		<bndbox>
			<xmin>233</xmin>
			<ymin>175</ymin>
			<xmax>351</xmax>
			<ymax>277</ymax>
		</bndbox>
	</object>
</annotation>