<annotation>
	<folder>my-project-name</folder>
	<filename>9_0_0_20170110221724498.jpg</filename>
	<path>/my-project-name/9_0_0_20170110221724498.jpg</path>
	<source>
		<database>Unspecified</database>
	</source>
	<size>
		<width>955</width>
		<height>1300</height>
		<depth>3</depth>
	</size>
	<object>
		<name>face</name>
		<pose>Unspecified</pose>
		<truncated>Unspecified</truncated>
		<difficult>Unspecified</difficult>
		<bndbox>
			<xmin>203</xmin>
			<ymin>292</ymin>
			<xmax>676</xmax>
			<ymax>722</ymax>
		</bndbox>
	</object>
</annotation>