<annotation>
	<folder>my-project-name</folder>
	<filename>9_0_0_20170110224240532.jpg</filename>
	<path>/my-project-name/9_0_0_20170110224240532.jpg</path>
	<source>
		<database>Unspecified</database>
	</source>
	<size>
		<width>400</width>
		<height>267</height>
		<depth>3</depth>
	</size>
	<object>
		<name>face</name>
		<pose>Unspecified</pose>
		<truncated>Unspecified</truncated>
		<difficult>Unspecified</difficult>
		<bndbox>
			<xmin>189</xmin>
			<ymin>47</ymin>
			<xmax>319</xmax>
			<ymax>166</ymax>
		</bndbox>
	</object>
</annotation>