<annotation>
	<folder>my-project-name</folder>
	<filename>9_0_0_20170110220130810.jpg</filename>
	<path>/my-project-name/9_0_0_20170110220130810.jpg</path>
	<source>
		<database>Unspecified</database>
	</source>
	<size>
		<width>376</width>
		<height>443</height>
		<depth>3</depth>
	</size>
	<object>
		<name>face</name>
		<pose>Unspecified</pose>
		<truncated>Unspecified</truncated>
		<difficult>Unspecified</difficult>
		<bndbox>
			<xmin>43</xmin>
			<ymin>65</ymin>
			<xmax>222</xmax>
			<ymax>248</ymax>
		</bndbox>
	</object>
</annotation>