<annotation>
	<folder>my-project-name</folder>
	<filename>9_0_0_20170110224819698.jpg</filename>
	<path>/my-project-name/9_0_0_20170110224819698.jpg</path>
	<source>
		<database>Unspecified</database>
	</source>
	<size>
		<width>366</width>
		<height>488</height>
		<depth>3</depth>
	</size>
	<object>
		<name>face</name>
		<pose>Unspecified</pose>
		<truncated>Unspecified</truncated>
		<difficult>Unspecified</difficult>
		<bndbox>
			<xmin>124</xmin>
			<ymin>72</ymin>
			<xmax>220</xmax>
			<ymax>182</ymax>
		</bndbox>
	</object>
</annotation>