<annotation>
	<folder>my-project-name</folder>
	<filename>9_0_1_20170110220431778.jpg</filename>
	<path>/my-project-name/9_0_1_20170110220431778.jpg</path>
	<source>
		<database>Unspecified</database>
	</source>
	<size>
		<width>400</width>
		<height>295</height>
		<depth>3</depth>
	</size>
	<object>
		<name>face</name>
		<pose>Unspecified</pose>
		<truncated>Unspecified</truncated>
		<difficult>Unspecified</difficult>
		<bndbox>
			<xmin>271</xmin>
			<ymin>100</ymin>
			<xmax>351</xmax>
			<ymax>234</ymax>
		</bndbox>
	</object>
</annotation>