<annotation>
	<folder>my-project-name</folder>
	<filename>9_0_0_20170110220427042.jpg</filename>
	<path>/my-project-name/9_0_0_20170110220427042.jpg</path>
	<source>
		<database>Unspecified</database>
	</source>
	<size>
		<width>539</width>
		<height>300</height>
		<depth>3</depth>
	</size>
	<object>
		<name>face</name>
		<pose>Unspecified</pose>
		<truncated>Unspecified</truncated>
		<difficult>Unspecified</difficult>
		<bndbox>
			<xmin>210</xmin>
			<ymin>61</ymin>
			<xmax>395</xmax>
			<ymax>272</ymax>
		</bndbox>
	</object>
</annotation>