<annotation>
	<folder>my-project-name</folder>
	<filename>9_0_0_20170110221659430.jpg</filename>
	<path>/my-project-name/9_0_0_20170110221659430.jpg</path>
	<source>
		<database>Unspecified</database>
	</source>
	<size>
		<width>957</width>
		<height>1300</height>
		<depth>3</depth>
	</size>
	<object>
		<name>face</name>
		<pose>Unspecified</pose>
		<truncated>Unspecified</truncated>
		<difficult>Unspecified</difficult>
		<bndbox>
			<xmin>154</xmin>
			<ymin>210</ymin>
			<xmax>472</xmax>
			<ymax>520</ymax>
		</bndbox>
	</object>
</annotation>