<annotation>
	<folder>my-project-name</folder>
	<filename>9_0_0_20170110220624626.jpg</filename>
	<path>/my-project-name/9_0_0_20170110220624626.jpg</path>
	<source>
		<database>Unspecified</database>
	</source>
	<size>
		<width>468</width>
		<height>552</height>
		<depth>3</depth>
	</size>
	<object>
		<name>face</name>
		<pose>Unspecified</pose>
		<truncated>Unspecified</truncated>
		<difficult>Unspecified</difficult>
		<bndbox>
			<xmin>140</xmin>
			<ymin>126</ymin>
			<xmax>339</xmax>
			<ymax>336</ymax>
		</bndbox>
	</object>
</annotation>