<annotation>
	<folder>my-project-name</folder>
	<filename>9_0_0_20170110224738342.jpg</filename>
	<path>/my-project-name/9_0_0_20170110224738342.jpg</path>
	<source>
		<database>Unspecified</database>
	</source>
	<size>
		<width>601</width>
		<height>400</height>
		<depth>3</depth>
	</size>
	<object>
		<name>face</name>
		<pose>Unspecified</pose>
		<truncated>Unspecified</truncated>
		<difficult>Unspecified</difficult>
		<bndbox>
			<xmin>182</xmin>
			<ymin>113</ymin>
			<xmax>402</xmax>
			<ymax>337</ymax>
		</bndbox>
	</object>
</annotation>