<annotation>
	<folder>my-project-name</folder>
	<filename>9_0_0_20170110220351738.jpg</filename>
	<path>/my-project-name/9_0_0_20170110220351738.jpg</path>
	<source>
		<database>Unspecified</database>
	</source>
	<size>
		<width>533</width>
		<height>800</height>
		<depth>3</depth>
	</size>
	<object>
		<name>face</name>
		<pose>Unspecified</pose>
		<truncated>Unspecified</truncated>
		<difficult>Unspecified</difficult>
		<bndbox>
			<xmin>248</xmin>
			<ymin>191</ymin>
			<xmax>411</xmax>
			<ymax>396</ymax>
		</bndbox>
	</object>
</annotation>