<annotation>
	<folder>my-project-name</folder>
	<filename>9_0_0_20170110223423662.jpg</filename>
	<path>/my-project-name/9_0_0_20170110223423662.jpg</path>
	<source>
		<database>Unspecified</database>
	</source>
	<size>
		<width>620</width>
		<height>820</height>
		<depth>3</depth>
	</size>
	<object>
		<name>face</name>
		<pose>Unspecified</pose>
		<truncated>Unspecified</truncated>
		<difficult>Unspecified</difficult>
		<bndbox>
			<xmin>144</xmin>
			<ymin>199</ymin>
			<xmax>419</xmax>
			<ymax>505</ymax>
		</bndbox>
	</object>
</annotation>