<annotation>
	<folder>my-project-name</folder>
	<filename>9_0_0_20170110224747751.jpg</filename>
	<path>/my-project-name/9_0_0_20170110224747751.jpg</path>
	<source>
		<database>Unspecified</database>
	</source>
	<size>
		<width>224</width>
		<height>294</height>
		<depth>3</depth>
	</size>
	<object>
		<name>face</name>
		<pose>Unspecified</pose>
		<truncated>Unspecified</truncated>
		<difficult>Unspecified</difficult>
		<bndbox>
			<xmin>83</xmin>
			<ymin>36</ymin>
			<xmax>129</xmax>
			<ymax>83</ymax>
		</bndbox>
	</object>
</annotation>