<annotation>
	<folder>my-project-name</folder>
	<filename>9_0_0_20170110224455692.jpg</filename>
	<path>/my-project-name/9_0_0_20170110224455692.jpg</path>
	<source>
		<database>Unspecified</database>
	</source>
	<size>
		<width>457</width>
		<height>378</height>
		<depth>3</depth>
	</size>
	<object>
		<name>face</name>
		<pose>Unspecified</pose>
		<truncated>Unspecified</truncated>
		<difficult>Unspecified</difficult>
		<bndbox>
			<xmin>190</xmin>
			<ymin>97</ymin>
			<xmax>454</xmax>
			<ymax>338</ymax>
		</bndbox>
	</object>
</annotation>