<annotation>
	<folder>my-project-name</folder>
	<filename>9_0_0_20170110220132059.jpg</filename>
	<path>/my-project-name/9_0_0_20170110220132059.jpg</path>
	<source>
		<database>Unspecified</database>
	</source>
	<size>
		<width>800</width>
		<height>1120</height>
		<depth>3</depth>
	</size>
	<object>
		<name>face</name>
		<pose>Unspecified</pose>
		<truncated>Unspecified</truncated>
		<difficult>Unspecified</difficult>
		<bndbox>
			<xmin>272</xmin>
			<ymin>188</ymin>
			<xmax>449</xmax>
			<ymax>364</ymax>
		</bndbox>
	</object>
</annotation>