<annotation>
	<folder>my-project-name</folder>
	<filename>9_0_0_20170110221721404.jpg</filename>
	<path>/my-project-name/9_0_0_20170110221721404.jpg</path>
	<source>
		<database>Unspecified</database>
	</source>
	<size>
		<width>240</width>
		<height>200</height>
		<depth>3</depth>
	</size>
	<object>
		<name>face</name>
		<pose>Unspecified</pose>
		<truncated>Unspecified</truncated>
		<difficult>Unspecified</difficult>
		<bndbox>
			<xmin>96</xmin>
			<ymin>12</ymin>
			<xmax>198</xmax>
			<ymax>113</ymax>
		</bndbox>
	</object>
</annotation>