<annotation>
	<folder>my-project-name</folder>
	<filename>9_0_0_20170110220449969.jpg</filename>
	<path>/my-project-name/9_0_0_20170110220449969.jpg</path>
	<source>
		<database>Unspecified</database>
	</source>
	<size>
		<width>2848</width>
		<height>4272</height>
		<depth>3</depth>
	</size>
	<object>
		<name>face</name>
		<pose>Unspecified</pose>
		<truncated>Unspecified</truncated>
		<difficult>Unspecified</difficult>
		<bndbox>
			<xmin>1221</xmin>
			<ymin>656</ymin>
			<xmax>1558</xmax>
			<ymax>1113</ymax>
		</bndbox>
	</object>
</annotation>