<annotation>
	<folder>my-project-name</folder>
	<filename>9_0_0_20170110224351698.jpg</filename>
	<path>/my-project-name/9_0_0_20170110224351698.jpg</path>
	<source>
		<database>Unspecified</database>
	</source>
	<size>
		<width>1300</width>
		<height>958</height>
		<depth>3</depth>
	</size>
	<object>
		<name>face</name>
		<pose>Unspecified</pose>
		<truncated>Unspecified</truncated>
		<difficult>Unspecified</difficult>
		<bndbox>
			<xmin>474</xmin>
			<ymin>188</ymin>
			<xmax>668</xmax>
			<ymax>416</ymax>
		</bndbox>
	</object>
</annotation>