<annotation>
	<folder>my-project-name</folder>
	<filename>9_0_0_20170110224545102.jpg</filename>
	<path>/my-project-name/9_0_0_20170110224545102.jpg</path>
	<source>
		<database>Unspecified</database>
	</source>
	<size>
		<width>1300</width>
		<height>960</height>
		<depth>3</depth>
	</size>
	<object>
		<name>face</name>
		<pose>Unspecified</pose>
		<truncated>Unspecified</truncated>
		<difficult>Unspecified</difficult>
		<bndbox>
			<xmin>305</xmin>
			<ymin>172</ymin>
			<xmax>659</xmax>
			<ymax>651</ymax>
		</bndbox>
	</object>
</annotation>