<annotation>
	<folder>my-project-name</folder>
	<filename>9_0_0_20170110220442681.jpg</filename>
	<path>/my-project-name/9_0_0_20170110220442681.jpg</path>
	<source>
		<database>Unspecified</database>
	</source>
	<size>
		<width>1200</width>
		<height>797</height>
		<depth>3</depth>
	</size>
	<object>
		<name>face</name>
		<pose>Unspecified</pose>
		<truncated>Unspecified</truncated>
		<difficult>Unspecified</difficult>
		<bndbox>
			<xmin>694</xmin>
			<ymin>202</ymin>
			<xmax>855</xmax>
			<ymax>397</ymax>
		</bndbox>
	</object>
</annotation>