<annotation>
	<folder>my-project-name</folder>
	<filename>9_0_0_20170110224736067.jpg</filename>
	<path>/my-project-name/9_0_0_20170110224736067.jpg</path>
	<source>
		<database>Unspecified</database>
	</source>
	<size>
		<width>1000</width>
		<height>1600</height>
		<depth>3</depth>
	</size>
	<object>
		<name>face</name>
		<pose>Unspecified</pose>
		<truncated>Unspecified</truncated>
		<difficult>Unspecified</difficult>
		<bndbox>
			<xmin>214</xmin>
			<ymin>372</ymin>
			<xmax>763</xmax>
			<ymax>1047</ymax>
		</bndbox>
	</object>
</annotation>