<annotation>
	<folder>my-project-name</folder>
	<filename>9_0_0_20170110224411209.jpg</filename>
	<path>/my-project-name/9_0_0_20170110224411209.jpg</path>
	<source>
		<database>Unspecified</database>
	</source>
	<size>
		<width>548</width>
		<height>365</height>
		<depth>3</depth>
	</size>
	<object>
		<name>face</name>
		<pose>Unspecified</pose>
		<truncated>Unspecified</truncated>
		<difficult>Unspecified</difficult>
		<bndbox>
			<xmin>205</xmin>
			<ymin>93</ymin>
			<xmax>372</xmax>
			<ymax>275</ymax>
		</bndbox>
	</object>
</annotation>