<annotation>
	<folder>my-project-name</folder>
	<filename>9_0_0_20170110225018913.jpg</filename>
	<path>/my-project-name/9_0_0_20170110225018913.jpg</path>
	<source>
		<database>Unspecified</database>
	</source>
	<size>
		<width>900</width>
		<height>600</height>
		<depth>3</depth>
	</size>
	<object>
		<name>face</name>
		<pose>Unspecified</pose>
		<truncated>Unspecified</truncated>
		<difficult>Unspecified</difficult>
		<bndbox>
			<xmin>151</xmin>
			<ymin>136</ymin>
			<xmax>408</xmax>
			<ymax>483</ymax>
		</bndbox>
	</object>
</annotation>