<annotation>
	<folder>my-project-name</folder>
	<filename>9_0_0_20170110220311291.jpg</filename>
	<path>/my-project-name/9_0_0_20170110220311291.jpg</path>
	<source>
		<database>Unspecified</database>
	</source>
	<size>
		<width>2800</width>
		<height>1867</height>
		<depth>3</depth>
	</size>
	<object>
		<name>face</name>
		<pose>Unspecified</pose>
		<truncated>Unspecified</truncated>
		<difficult>Unspecified</difficult>
		<bndbox>
			<xmin>540</xmin>
			<ymin>126</ymin>
			<xmax>2562</xmax>
			<ymax>1471</ymax>
		</bndbox>
	</object>
</annotation>