<annotation>
	<folder>my-project-name</folder>
	<filename>9_0_0_20170110220413289.jpg</filename>
	<path>/my-project-name/9_0_0_20170110220413289.jpg</path>
	<source>
		<database>Unspecified</database>
	</source>
	<size>
		<width>333</width>
		<height>500</height>
		<depth>3</depth>
	</size>
	<object>
		<name>face</name>
		<pose>Unspecified</pose>
		<truncated>Unspecified</truncated>
		<difficult>Unspecified</difficult>
		<bndbox>
			<xmin>88</xmin>
			<ymin>186</ymin>
			<xmax>178</xmax>
			<ymax>282</ymax>
		</bndbox>
	</object>
</annotation>