<annotation>
	<folder>my-project-name</folder>
	<filename>9_0_0_20170110223916896.jpg</filename>
	<path>/my-project-name/9_0_0_20170110223916896.jpg</path>
	<source>
		<database>Unspecified</database>
	</source>
	<size>
		<width>233</width>
		<height>403</height>
		<depth>3</depth>
	</size>
	<object>
		<name>face</name>
		<pose>Unspecified</pose>
		<truncated>Unspecified</truncated>
		<difficult>Unspecified</difficult>
		<bndbox>
			<xmin>90</xmin>
			<ymin>28</ymin>
			<xmax>172</xmax>
			<ymax>133</ymax>
		</bndbox>
	</object>
</annotation>